originalName,layer,description,function,location,relationships
"Left coronary artery","arteries","Arteria principal que nace del seno aórtico izquierdo y se divide habitualmente en las ramas interventricular anterior y circunfleja.","Irriga gran parte de la aurícula izquierda, el ventrículo izquierdo y el tabique interventricular mediante sus ramas.","Se origina en la aorta ascendente, pasa entre el tronco pulmonar y la aurícula izquierda y alcanza el surco coronario.","Aorta ascendente,Arteria interventricular anterior,Arteria circunfleja,Aurícula izquierda,Tronco pulmonar"
"Anterior interventricular artery","arteries","Arteria que transporta sangre oxigenada a territorio específico.","Distribuye sangre oxigenada desde corazón a tejidos.","Trayecto anatómico correspondiente.","Arteria proximal,Territorio irrigado,Ramas colaterales"
"Septal branches of anterior interventricular artery","heart","Tabique que separa cavidades cardíacas.","Separa flujos de sangre oxigenada y desoxigenada.","Línea media del corazón.","Aurículas,Ventrículos,Tabique interauricular,Tabique interventricular"
"Circumflex artery of heart","heart","Estructura anatómica del corazón.","Participa en la función de bombeo cardíaco.","Región cardíaca correspondiente.","Cámaras cardíacas,Válvulas,Tabiques"
"Right coronary artery","heart","Estructura anatómica del corazón.","Participa en la función de bombeo cardíaco.","Región cardíaca correspondiente.","Cámaras cardíacas,Válvulas,Tabiques"
"Right inferolateral branch of right coronary artery","arteries","Arteria coronaria que irriga el músculo cardíaco.","Suministra sangre oxigenada al miocardio.","Superficie del corazón, origen en aorta ascendente.","Aorta,Miocardio,Venas cardíacas"
"Inferior papillary muscle of left ventricle","heart","Músculo papilar que ancla los cordones tendinosos de la válvula.","Evita la prolapso valvular durante la sístole ventricular.","Pared interna del ventrículo correspondiente.","Válvula asociada,Cordones tendinosos,Pared ventricular"
"Anterior papillary muscle of right ventricle","heart","Músculo papilar que ancla los cordones tendinosos de la válvula.","Evita la prolapso valvular durante la sístole ventricular.","Pared interna del ventrículo correspondiente.","Válvula asociada,Cordones tendinosos,Pared ventricular"
"Inferior papillary muscle of right ventricle","heart","Músculo papilar que ancla los cordones tendinosos de la válvula.","Evita la prolapso valvular durante la sístole ventricular.","Pared interna del ventrículo correspondiente.","Válvula asociada,Cordones tendinosos,Pared ventricular"
"Septal papillary muscle of right ventricle","heart","Músculo papilar que ancla los cordones tendinosos de la válvula.","Evita la prolapso valvular durante la sístole ventricular.","Pared interna del ventrículo correspondiente.","Válvula asociada,Cordones tendinosos,Pared ventricular"
"Inferior leaflet of right atrioventricular valve","heart","Valva o cuspide de válvula cardíaca.","Forma parte del mecanismo de cierre valvular.","En el anillo valvular correspondiente.","Anillo fibroso,Cordones tendinosos,Músculos papilares"
"Posterior leaflet of left atrioventricular valve","heart","Valva o cuspide de válvula cardíaca.","Forma parte del mecanismo de cierre valvular.","En el anillo valvular correspondiente.","Anillo fibroso,Cordones tendinosos,Músculos papilares"
"Septal leaflet of right atrioventricular valve","heart","Valva o cuspide de válvula cardíaca.","Forma parte del mecanismo de cierre valvular.","En el anillo valvular correspondiente.","Anillo fibroso,Cordones tendinosos,Músculos papilares"
"Left coronary leaflet","heart","Valva o cuspide de válvula cardíaca.","Forma parte del mecanismo de cierre valvular.","En el anillo valvular correspondiente.","Anillo fibroso,Cordones tendinosos,Músculos papilares"
"Non-coronary leaflet","heart","Valva o cuspide de válvula cardíaca.","Forma parte del mecanismo de cierre valvular.","En el anillo valvular correspondiente.","Anillo fibroso,Cordones tendinosos,Músculos papilares"
"Right coronary leaflet","heart","Valva o cuspide de válvula cardíaca.","Forma parte del mecanismo de cierre valvular.","En el anillo valvular correspondiente.","Anillo fibroso,Cordones tendinosos,Músculos papilares"
"Anterior semilunar leaflet of pulmonary valve","heart","Valva o cuspide de válvula cardíaca.","Forma parte del mecanismo de cierre valvular.","En el anillo valvular correspondiente.","Anillo fibroso,Cordones tendinosos,Músculos papilares"
"Left semilunar leaflet of pulmonary valve","heart","Valva o cuspide de válvula cardíaca.","Forma parte del mecanismo de cierre valvular.","En el anillo valvular correspondiente.","Anillo fibroso,Cordones tendinosos,Músculos papilares"
"Right semilunar leaflet of pulmonary valve","heart","Valva o cuspide de válvula cardíaca.","Forma parte del mecanismo de cierre valvular.","En el anillo valvular correspondiente.","Anillo fibroso,Cordones tendinosos,Músculos papilares"
"Anterior basal segmental artery of left lung","arteries","Arteria que transporta sangre oxigenada a territorio específico.","Distribuye sangre oxigenada desde corazón a tejidos.","Trayecto anatómico correspondiente.","Arteria proximal,Territorio irrigado,Ramas colaterales"
"Lateral basal segmental artery of left lung","arteries","Arteria que transporta sangre oxigenada a territorio específico.","Distribuye sangre oxigenada desde corazón a tejidos.","Trayecto anatómico correspondiente.","Arteria proximal,Territorio irrigado,Ramas colaterales"
"Medial basal segmental artery of left lung","arteries","Arteria que transporta sangre oxigenada a territorio específico.","Distribuye sangre oxigenada desde corazón a tejidos.","Trayecto anatómico correspondiente.","Arteria proximal,Territorio irrigado,Ramas colaterales"
"Posterior basal segmental artery of left lung","arteries","Arteria que transporta sangre oxigenada a territorio específico.","Distribuye sangre oxigenada desde corazón a tejidos.","Trayecto anatómico correspondiente.","Arteria proximal,Territorio irrigado,Ramas colaterales"
"Superior segmental artery of left lung","arteries","Arteria que transporta sangre oxigenada a territorio específico.","Distribuye sangre oxigenada desde corazón a tejidos.","Trayecto anatómico correspondiente.","Arteria proximal,Territorio irrigado,Ramas colaterales"
"Anterior segmental artery of left lung","arteries","Arteria que transporta sangre oxigenada a territorio específico.","Distribuye sangre oxigenada desde corazón a tejidos.","Trayecto anatómico correspondiente.","Arteria proximal,Territorio irrigado,Ramas colaterales"
"Apical segmental artery of left lung","arteries","Arteria que transporta sangre oxigenada a territorio específico.","Distribuye sangre oxigenada desde corazón a tejidos.","Trayecto anatómico correspondiente.","Arteria proximal,Territorio irrigado,Ramas colaterales"
"Inferior lingular artery of left lung","arteries","Arteria que transporta sangre oxigenada a territorio específico.","Distribuye sangre oxigenada desde corazón a tejidos.","Trayecto anatómico correspondiente.","Arteria proximal,Territorio irrigado,Ramas colaterales"
"Posterior segmental artery of left lung","arteries","Arteria que transporta sangre oxigenada a territorio específico.","Distribuye sangre oxigenada desde corazón a tejidos.","Trayecto anatómico correspondiente.","Arteria proximal,Territorio irrigado,Ramas colaterales"
"Superior lingular artery of left lung","arteries","Arteria que transporta sangre oxigenada a territorio específico.","Distribuye sangre oxigenada desde corazón a tejidos.","Trayecto anatómico correspondiente.","Arteria proximal,Territorio irrigado,Ramas colaterales"
"Bifurcation of pulmonary trunk","arteries","Arteria pulmonar que transporta sangre desoxigenada a los pulmones.","Transporta sangre desde ventrículo derecho a capilares pulmonares.","Origen en tronco pulmonar, distribución a pulmones.","Tronco pulmonar,Pulmones,Venas pulmonares"
"Inferior lobar artery of right lung","arteries","Arteria que transporta sangre oxigenada a territorio específico.","Distribuye sangre oxigenada desde corazón a tejidos.","Trayecto anatómico correspondiente.","Arteria proximal,Territorio irrigado,Ramas colaterales"
"Anterior basal segmental artery of right lung","arteries","Arteria que transporta sangre oxigenada a territorio específico.","Distribuye sangre oxigenada desde corazón a tejidos.","Trayecto anatómico correspondiente.","Arteria proximal,Territorio irrigado,Ramas colaterales"
"Lateral basal segmental artery of right lung","arteries","Arteria que transporta sangre oxigenada a territorio específico.","Distribuye sangre oxigenada desde corazón a tejidos.","Trayecto anatómico correspondiente.","Arteria proximal,Territorio irrigado,Ramas colaterales"
"Medial basal segmental artery of right lung","arteries","Arteria que transporta sangre oxigenada a territorio específico.","Distribuye sangre oxigenada desde corazón a tejidos.","Trayecto anatómico correspondiente.","Arteria proximal,Territorio irrigado,Ramas colaterales"
"Posterior basal segmental artery of right lung","arteries","Arteria que transporta sangre oxigenada a territorio específico.","Distribuye sangre oxigenada desde corazón a tejidos.","Trayecto anatómico correspondiente.","Arteria proximal,Territorio irrigado,Ramas colaterales"
"Superior segmental artery of right lung","arteries","Arteria que transporta sangre oxigenada a territorio específico.","Distribuye sangre oxigenada desde corazón a tejidos.","Trayecto anatómico correspondiente.","Arteria proximal,Territorio irrigado,Ramas colaterales"
"Middle lobar artery of right lung","arteries","Arteria que transporta sangre oxigenada a territorio específico.","Distribuye sangre oxigenada desde corazón a tejidos.","Trayecto anatómico correspondiente.","Arteria proximal,Territorio irrigado,Ramas colaterales"
"Lateral segmental artery of right lung","arteries","Arteria que transporta sangre oxigenada a territorio específico.","Distribuye sangre oxigenada desde corazón a tejidos.","Trayecto anatómico correspondiente.","Arteria proximal,Territorio irrigado,Ramas colaterales"
"Medial segmental artery of right lung","arteries","Arteria que transporta sangre oxigenada a territorio específico.","Distribuye sangre oxigenada desde corazón a tejidos.","Trayecto anatómico correspondiente.","Arteria proximal,Territorio irrigado,Ramas colaterales"
"Superior lobar artery of right lung","arteries","Arteria que transporta sangre oxigenada a territorio específico.","Distribuye sangre oxigenada desde corazón a tejidos.","Trayecto anatómico correspondiente.","Arteria proximal,Territorio irrigado,Ramas colaterales"
"Anterior segmental artery of right lung","arteries","Arteria que transporta sangre oxigenada a territorio específico.","Distribuye sangre oxigenada desde corazón a tejidos.","Trayecto anatómico correspondiente.","Arteria proximal,Territorio irrigado,Ramas colaterales"
"Apical segmental artery of right lung","arteries","Arteria que transporta sangre oxigenada a territorio específico.","Distribuye sangre oxigenada desde corazón a tejidos.","Trayecto anatómico correspondiente.","Arteria proximal,Territorio irrigado,Ramas colaterales"
"Posterior segmental artery of right lung","arteries","Arteria que transporta sangre oxigenada a territorio específico.","Distribuye sangre oxigenada desde corazón a tejidos.","Trayecto anatómico correspondiente.","Arteria proximal,Territorio irrigado,Ramas colaterales"
"Abdominal aorta","arteries","Rama de la aorta que distribuye sangre oxigenada.","Distribuye sangre oxigenada a territorio específico.","Rama de aorta ascendente/arco/descendente.","Aorta,Territorio irrigado,Ramas colaterales"
"Common hepatic artery","arteries","Arteria que irriga víscera abdominal/pélvica.","Irrigación arterial de órgano digestivo/urogenital.","Origen en aorta abdominal, trayecto retroperitoneal/peritoneal.","Aorta abdominal,Vísceras,Plexos nerviosos"
"Gastroduodenal artery","arteries","Arteria que transporta sangre oxigenada a territorio específico.","Distribuye sangre oxigenada desde corazón a tejidos.","Trayecto anatómico correspondiente.","Arteria proximal,Territorio irrigado,Ramas colaterales"
"Proper hepatic artery","arteries","Arteria que irriga víscera abdominal/pélvica.","Irrigación arterial de órgano digestivo/urogenital.","Origen en aorta abdominal, trayecto retroperitoneal/peritoneal.","Aorta abdominal,Vísceras,Plexos nerviosos"
"Left gastric artery","arteries","Arteria que irriga víscera abdominal/pélvica.","Irrigación arterial de órgano digestivo/urogenital.","Origen en aorta abdominal, trayecto retroperitoneal/peritoneal.","Aorta abdominal,Vísceras,Plexos nerviosos"
"Splenic artery","arteries","Arteria que irriga víscera abdominal/pélvica.","Irrigación arterial de órgano digestivo/urogenital.","Origen en aorta abdominal, trayecto retroperitoneal/peritoneal.","Aorta abdominal,Vísceras,Plexos nerviosos"
"Inferior mesenteric artery","arteries","Arteria que irriga víscera abdominal/pélvica.","Irrigación arterial de órgano digestivo/urogenital.","Origen en aorta abdominal, trayecto retroperitoneal/peritoneal.","Aorta abdominal,Vísceras,Plexos nerviosos"
"Left colic artery","arteries","Arteria que irriga víscera abdominal/pélvica.","Irrigación arterial de órgano digestivo/urogenital.","Origen en aorta abdominal, trayecto retroperitoneal/peritoneal.","Aorta abdominal,Vísceras,Plexos nerviosos"
"Ascending branch of left colic artery","arteries","Arteria que irriga víscera abdominal/pélvica.","Irrigación arterial de órgano digestivo/urogenital.","Origen en aorta abdominal, trayecto retroperitoneal/peritoneal.","Aorta abdominal,Vísceras,Plexos nerviosos"
"Descending branch of left colic artery","arteries","Arteria que irriga víscera abdominal/pélvica.","Irrigación arterial de órgano digestivo/urogenital.","Origen en aorta abdominal, trayecto retroperitoneal/peritoneal.","Aorta abdominal,Vísceras,Plexos nerviosos"
"Sigmoid arteries","arteries","Arteria que irriga víscera abdominal/pélvica.","Irrigación arterial de órgano digestivo/urogenital.","Origen en aorta abdominal, trayecto retroperitoneal/peritoneal.","Aorta abdominal,Vísceras,Plexos nerviosos"
"Superior anorectal artery","arteries","Arteria que irriga víscera abdominal/pélvica.","Irrigación arterial de órgano digestivo/urogenital.","Origen en aorta abdominal, trayecto retroperitoneal/peritoneal.","Aorta abdominal,Vísceras,Plexos nerviosos"
"Inferior phrenic artery","arteries","Arteria que transporta sangre oxigenada a territorio específico.","Distribuye sangre oxigenada desde corazón a tejidos.","Trayecto anatómico correspondiente.","Arteria proximal,Territorio irrigado,Ramas colaterales"
"Left renal artery","arteries","Arteria que irriga víscera abdominal/pélvica.","Irrigación arterial de órgano digestivo/urogenital.","Origen en aorta abdominal, trayecto retroperitoneal/peritoneal.","Aorta abdominal,Vísceras,Plexos nerviosos"
"Anterior branch of renal artery.l","arteries","Arteria que irriga víscera abdominal/pélvica.","Irrigación arterial de órgano digestivo/urogenital.","Origen en aorta abdominal, trayecto retroperitoneal/peritoneal.","Aorta abdominal,Vísceras,Plexos nerviosos"
"Inferior suprarenal artery.l","arteries","Arteria que irriga víscera abdominal/pélvica.","Irrigación arterial de órgano digestivo/urogenital.","Origen en aorta abdominal, trayecto retroperitoneal/peritoneal.","Aorta abdominal,Vísceras,Plexos nerviosos"
"Intrarenal arteries of left kidney","arteries","Arteria que irriga víscera abdominal/pélvica.","Irrigación arterial de órgano digestivo/urogenital.","Origen en aorta abdominal, trayecto retroperitoneal/peritoneal.","Aorta abdominal,Vísceras,Plexos nerviosos"
"Posterior branch of renal artery.l","arteries","Arteria que irriga víscera abdominal/pélvica.","Irrigación arterial de órgano digestivo/urogenital.","Origen en aorta abdominal, trayecto retroperitoneal/peritoneal.","Aorta abdominal,Vísceras,Plexos nerviosos"
"Left testicular artery","arteries","Arteria que irriga víscera abdominal/pélvica.","Irrigación arterial de órgano digestivo/urogenital.","Origen en aorta abdominal, trayecto retroperitoneal/peritoneal.","Aorta abdominal,Vísceras,Plexos nerviosos"
"Lumbar arteries.l","arteries","Arteria que transporta sangre oxigenada a territorio específico.","Distribuye sangre oxigenada desde corazón a tejidos.","Trayecto anatómico correspondiente.","Arteria proximal,Territorio irrigado,Ramas colaterales"
"Lumbar arteries.r","arteries","Arteria que transporta sangre oxigenada a territorio específico.","Distribuye sangre oxigenada desde corazón a tejidos.","Trayecto anatómico correspondiente.","Arteria proximal,Territorio irrigado,Ramas colaterales"
"Right renal artery","arteries","Arteria que irriga víscera abdominal/pélvica.","Irrigación arterial de órgano digestivo/urogenital.","Origen en aorta abdominal, trayecto retroperitoneal/peritoneal.","Aorta abdominal,Vísceras,Plexos nerviosos"
"Anterior branch of renal artery.r","arteries","Arteria que irriga víscera abdominal/pélvica.","Irrigación arterial de órgano digestivo/urogenital.","Origen en aorta abdominal, trayecto retroperitoneal/peritoneal.","Aorta abdominal,Vísceras,Plexos nerviosos"
"Inferior suprarenal artery.r","arteries","Arteria que irriga víscera abdominal/pélvica.","Irrigación arterial de órgano digestivo/urogenital.","Origen en aorta abdominal, trayecto retroperitoneal/peritoneal.","Aorta abdominal,Vísceras,Plexos nerviosos"
"Intrarenal arteries of right kidney","arteries","Arteria que irriga víscera abdominal/pélvica.","Irrigación arterial de órgano digestivo/urogenital.","Origen en aorta abdominal, trayecto retroperitoneal/peritoneal.","Aorta abdominal,Vísceras,Plexos nerviosos"
"Posterior branch of renal artery.r","arteries","Arteria que irriga víscera abdominal/pélvica.","Irrigación arterial de órgano digestivo/urogenital.","Origen en aorta abdominal, trayecto retroperitoneal/peritoneal.","Aorta abdominal,Vísceras,Plexos nerviosos"
"Right testicular artery.r","arteries","Arteria que irriga víscera abdominal/pélvica.","Irrigación arterial de órgano digestivo/urogenital.","Origen en aorta abdominal, trayecto retroperitoneal/peritoneal.","Aorta abdominal,Vísceras,Plexos nerviosos"
"Superior mesenteric artery","arteries","Arteria que irriga víscera abdominal/pélvica.","Irrigación arterial de órgano digestivo/urogenital.","Origen en aorta abdominal, trayecto retroperitoneal/peritoneal.","Aorta abdominal,Vísceras,Plexos nerviosos"
"Ileocolic artery","arteries","Arteria que irriga víscera abdominal/pélvica.","Irrigación arterial de órgano digestivo/urogenital.","Origen en aorta abdominal, trayecto retroperitoneal/peritoneal.","Aorta abdominal,Vísceras,Plexos nerviosos"
"Appendicular artery","arteries","Arteria que irriga víscera abdominal/pélvica.","Irrigación arterial de órgano digestivo/urogenital.","Origen en aorta abdominal, trayecto retroperitoneal/peritoneal.","Aorta abdominal,Vísceras,Plexos nerviosos"
"Colic branch of ileocolic artery","arteries","Arteria que irriga víscera abdominal/pélvica.","Irrigación arterial de órgano digestivo/urogenital.","Origen en aorta abdominal, trayecto retroperitoneal/peritoneal.","Aorta abdominal,Vísceras,Plexos nerviosos"
"Ileal branch of ileocolic artery","arteries","Arteria que irriga víscera abdominal/pélvica.","Irrigación arterial de órgano digestivo/urogenital.","Origen en aorta abdominal, trayecto retroperitoneal/peritoneal.","Aorta abdominal,Vísceras,Plexos nerviosos"
"Inferior pancreaticoduodenal artery","arteries","Arteria que transporta sangre oxigenada a territorio específico.","Distribuye sangre oxigenada desde corazón a tejidos.","Trayecto anatómico correspondiente.","Arteria proximal,Territorio irrigado,Ramas colaterales"
"Anterior inferior pancreaticoduodenal artery","arteries","Arteria que transporta sangre oxigenada a territorio específico.","Distribuye sangre oxigenada desde corazón a tejidos.","Trayecto anatómico correspondiente.","Arteria proximal,Territorio irrigado,Ramas colaterales"
"Marginal artery","arteries","Arteria que transporta sangre oxigenada a territorio específico.","Distribuye sangre oxigenada desde corazón a tejidos.","Trayecto anatómico correspondiente.","Arteria proximal,Territorio irrigado,Ramas colaterales"
"Middle colic artery","arteries","Arteria que irriga víscera abdominal/pélvica.","Irrigación arterial de órgano digestivo/urogenital.","Origen en aorta abdominal, trayecto retroperitoneal/peritoneal.","Aorta abdominal,Vísceras,Plexos nerviosos"
"Right colic artery","arteries","Arteria que irriga víscera abdominal/pélvica.","Irrigación arterial de órgano digestivo/urogenital.","Origen en aorta abdominal, trayecto retroperitoneal/peritoneal.","Aorta abdominal,Vísceras,Plexos nerviosos"
"Common iliac artery.l","arteries","Arteria que irriga víscera abdominal/pélvica.","Irrigación arterial de órgano digestivo/urogenital.","Origen en aorta abdominal, trayecto retroperitoneal/peritoneal.","Aorta abdominal,Vísceras,Plexos nerviosos"
"External iliac artery.l","arteries","Arteria que irriga víscera abdominal/pélvica.","Irrigación arterial de órgano digestivo/urogenital.","Origen en aorta abdominal, trayecto retroperitoneal/peritoneal.","Aorta abdominal,Vísceras,Plexos nerviosos"
"Inferior epigastric artery.l","arteries","Arteria de miembro que irriga músculos y piel.","Suministra sangre oxigenada a territorio del miembro.","Trayecto anatómico en miembro correspondiente.","Arteria proximal,Músculos,Arterias distales"
"Internal iliac artery.l","arteries","Arteria que irriga víscera abdominal/pélvica.","Irrigación arterial de órgano digestivo/urogenital.","Origen en aorta abdominal, trayecto retroperitoneal/peritoneal.","Aorta abdominal,Vísceras,Plexos nerviosos"
"Anterior division of internal iliac artery.l","arteries","Arteria que irriga víscera abdominal/pélvica.","Irrigación arterial de órgano digestivo/urogenital.","Origen en aorta abdominal, trayecto retroperitoneal/peritoneal.","Aorta abdominal,Vísceras,Plexos nerviosos"
"Inferior gluteal artery.l","arteries","Arteria que transporta sangre oxigenada a territorio específico.","Distribuye sangre oxigenada desde corazón a tejidos.","Trayecto anatómico correspondiente.","Arteria proximal,Territorio irrigado,Ramas colaterales"
"Internal pudendal artery.l","arteries","Arteria que transporta sangre oxigenada a territorio específico.","Distribuye sangre oxigenada desde corazón a tejidos.","Trayecto anatómico correspondiente.","Arteria proximal,Territorio irrigado,Ramas colaterales"
"Deep artery of penis.l","arteries","Arteria que transporta sangre oxigenada a territorio específico.","Distribuye sangre oxigenada desde corazón a tejidos.","Trayecto anatómico correspondiente.","Arteria proximal,Territorio irrigado,Ramas colaterales"
"Dorsal artery of penis.l","arteries","Arteria que transporta sangre oxigenada a territorio específico.","Distribuye sangre oxigenada desde corazón a tejidos.","Trayecto anatómico correspondiente.","Arteria proximal,Territorio irrigado,Ramas colaterales"
"Posterior division of internal iliac artery.l","arteries","Arteria que irriga víscera abdominal/pélvica.","Irrigación arterial de órgano digestivo/urogenital.","Origen en aorta abdominal, trayecto retroperitoneal/peritoneal.","Aorta abdominal,Vísceras,Plexos nerviosos"
"Iliolumbar artery.l","arteries","Arteria que transporta sangre oxigenada a territorio específico.","Distribuye sangre oxigenada desde corazón a tejidos.","Trayecto anatómico correspondiente.","Arteria proximal,Territorio irrigado,Ramas colaterales"
"Iliacus branch of iliolumbar artery.l","arteries","Arteria que irriga víscera abdominal/pélvica.","Irrigación arterial de órgano digestivo/urogenital.","Origen en aorta abdominal, trayecto retroperitoneal/peritoneal.","Aorta abdominal,Vísceras,Plexos nerviosos"
"Lumbar branch of iliolumbar artery.l","arteries","Arteria que transporta sangre oxigenada a territorio específico.","Distribuye sangre oxigenada desde corazón a tejidos.","Trayecto anatómico correspondiente.","Arteria proximal,Territorio irrigado,Ramas colaterales"
"Spinal branch of iliolumbar artery.l","arteries","Arteria que transporta sangre oxigenada a territorio específico.","Distribuye sangre oxigenada desde corazón a tejidos.","Trayecto anatómico correspondiente.","Arteria proximal,Territorio irrigado,Ramas colaterales"
"Superior gluteal artery.l","arteries","Arteria que transporta sangre oxigenada a territorio específico.","Distribuye sangre oxigenada desde corazón a tejidos.","Trayecto anatómico correspondiente.","Arteria proximal,Territorio irrigado,Ramas colaterales"
"Common iliac artery.r","arteries","Arteria que irriga víscera abdominal/pélvica.","Irrigación arterial de órgano digestivo/urogenital.","Origen en aorta abdominal, trayecto retroperitoneal/peritoneal.","Aorta abdominal,Vísceras,Plexos nerviosos"
"External iliac artery.r","arteries","Arteria que irriga víscera abdominal/pélvica.","Irrigación arterial de órgano digestivo/urogenital.","Origen en aorta abdominal, trayecto retroperitoneal/peritoneal.","Aorta abdominal,Vísceras,Plexos nerviosos"
"Inferior epigastric artery.r","arteries","Arteria de miembro que irriga músculos y piel.","Suministra sangre oxigenada a territorio del miembro.","Trayecto anatómico en miembro correspondiente.","Arteria proximal,Músculos,Arterias distales"
"Internal iliac artery.r","arteries","Arteria que irriga víscera abdominal/pélvica.","Irrigación arterial de órgano digestivo/urogenital.","Origen en aorta abdominal, trayecto retroperitoneal/peritoneal.","Aorta abdominal,Vísceras,Plexos nerviosos"
"Anterior division of internal iliac artery.r","arteries","Arteria que irriga víscera abdominal/pélvica.","Irrigación arterial de órgano digestivo/urogenital.","Origen en aorta abdominal, trayecto retroperitoneal/peritoneal.","Aorta abdominal,Vísceras,Plexos nerviosos"
"Inferior gluteal artery.r","arteries","Arteria que transporta sangre oxigenada a territorio específico.","Distribuye sangre oxigenada desde corazón a tejidos.","Trayecto anatómico correspondiente.","Arteria proximal,Territorio irrigado,Ramas colaterales"
"Internal pudendal artery.r","arteries","Arteria que transporta sangre oxigenada a territorio específico.","Distribuye sangre oxigenada desde corazón a tejidos.","Trayecto anatómico correspondiente.","Arteria proximal,Territorio irrigado,Ramas colaterales"
"Deep artery of penis.r","arteries","Arteria que transporta sangre oxigenada a territorio específico.","Distribuye sangre oxigenada desde corazón a tejidos.","Trayecto anatómico correspondiente.","Arteria proximal,Territorio irrigado,Ramas colaterales"
"Dorsal artery of penis.r","arteries","Arteria que transporta sangre oxigenada a territorio específico.","Distribuye sangre oxigenada desde corazón a tejidos.","Trayecto anatómico correspondiente.","Arteria proximal,Territorio irrigado,Ramas colaterales"
"Obturator artery.l","arteries","Arteria que transporta sangre oxigenada a territorio específico.","Distribuye sangre oxigenada desde corazón a tejidos.","Trayecto anatómico correspondiente.","Arteria proximal,Territorio irrigado,Ramas colaterales"
"Obturator artery.r","arteries","Arteria que transporta sangre oxigenada a territorio específico.","Distribuye sangre oxigenada desde corazón a tejidos.","Trayecto anatómico correspondiente.","Arteria proximal,Territorio irrigado,Ramas colaterales"
"Posterior division of internal iliac artery.r","arteries","Arteria que irriga víscera abdominal/pélvica.","Irrigación arterial de órgano digestivo/urogenital.","Origen en aorta abdominal, trayecto retroperitoneal/peritoneal.","Aorta abdominal,Vísceras,Plexos nerviosos"
"Iliolumbar artery.r","arteries","Arteria que transporta sangre oxigenada a territorio específico.","Distribuye sangre oxigenada desde corazón a tejidos.","Trayecto anatómico correspondiente.","Arteria proximal,Territorio irrigado,Ramas colaterales"
"Iliacus branch of iliolumbar artery.r","arteries","Arteria que irriga víscera abdominal/pélvica.","Irrigación arterial de órgano digestivo/urogenital.","Origen en aorta abdominal, trayecto retroperitoneal/peritoneal.","Aorta abdominal,Vísceras,Plexos nerviosos"
"Lumbar branch of iliolumbar artery.r","arteries","Arteria que transporta sangre oxigenada a territorio específico.","Distribuye sangre oxigenada desde corazón a tejidos.","Trayecto anatómico correspondiente.","Arteria proximal,Territorio irrigado,Ramas colaterales"
"Spinal branch of iliolumbar artery.r","arteries","Arteria que transporta sangre oxigenada a territorio específico.","Distribuye sangre oxigenada desde corazón a tejidos.","Trayecto anatómico correspondiente.","Arteria proximal,Territorio irrigado,Ramas colaterales"
"Superior gluteal artery.r","arteries","Arteria que transporta sangre oxigenada a territorio específico.","Distribuye sangre oxigenada desde corazón a tejidos.","Trayecto anatómico correspondiente.","Arteria proximal,Territorio irrigado,Ramas colaterales"
"Median sacral artery","arteries","Arteria que transporta sangre oxigenada a territorio específico.","Distribuye sangre oxigenada desde corazón a tejidos.","Trayecto anatómico correspondiente.","Arteria proximal,Territorio irrigado,Ramas colaterales"
"Posterior intercostal arteries.l","arteries","Arteria que transporta sangre oxigenada a territorio específico.","Distribuye sangre oxigenada desde corazón a tejidos.","Trayecto anatómico correspondiente.","Arteria proximal,Territorio irrigado,Ramas colaterales"
"Posterior intercostal arteries.r","arteries","Arteria que transporta sangre oxigenada a territorio específico.","Distribuye sangre oxigenada desde corazón a tejidos.","Trayecto anatómico correspondiente.","Arteria proximal,Territorio irrigado,Ramas colaterales"
"Subcostal artery.l","arteries","Arteria que transporta sangre oxigenada a territorio específico.","Distribuye sangre oxigenada desde corazón a tejidos.","Trayecto anatómico correspondiente.","Arteria proximal,Territorio irrigado,Ramas colaterales"
"Subcostal artery.r","arteries","Arteria que transporta sangre oxigenada a territorio específico.","Distribuye sangre oxigenada desde corazón a tejidos.","Trayecto anatómico correspondiente.","Arteria proximal,Territorio irrigado,Ramas colaterales"
"Superior phrenic arteries","arteries","Arteria que transporta sangre oxigenada a territorio específico.","Distribuye sangre oxigenada desde corazón a tejidos.","Trayecto anatómico correspondiente.","Arteria proximal,Territorio irrigado,Ramas colaterales"
"Anterior spinal artery.l","arteries","Arteria que transporta sangre oxigenada a territorio específico.","Distribuye sangre oxigenada desde corazón a tejidos.","Trayecto anatómico correspondiente.","Arteria proximal,Territorio irrigado,Ramas colaterales"
"Anterior spinal artery.r","arteries","Arteria que transporta sangre oxigenada a territorio específico.","Distribuye sangre oxigenada desde corazón a tejidos.","Trayecto anatómico correspondiente.","Arteria proximal,Territorio irrigado,Ramas colaterales"
"Anterior communicating artery","arteries","Arteria que transporta sangre oxigenada a territorio específico.","Distribuye sangre oxigenada desde corazón a tejidos.","Trayecto anatómico correspondiente.","Arteria proximal,Territorio irrigado,Ramas colaterales"
"Posterior communicating artery.l","arteries","Arteria que transporta sangre oxigenada a territorio específico.","Distribuye sangre oxigenada desde corazón a tejidos.","Trayecto anatómico correspondiente.","Arteria proximal,Territorio irrigado,Ramas colaterales"
"Posterior communicating artery.r","arteries","Arteria que transporta sangre oxigenada a territorio específico.","Distribuye sangre oxigenada desde corazón a tejidos.","Trayecto anatómico correspondiente.","Arteria proximal,Territorio irrigado,Ramas colaterales"
"Femoral artery.l","arteries","Arteria de miembro que irriga músculos y piel.","Suministra sangre oxigenada a territorio del miembro.","Trayecto anatómico en miembro correspondiente.","Arteria proximal,Músculos,Arterias distales"
"Deep external pudendal artery.l","arteries","Arteria que transporta sangre oxigenada a territorio específico.","Distribuye sangre oxigenada desde corazón a tejidos.","Trayecto anatómico correspondiente.","Arteria proximal,Territorio irrigado,Ramas colaterales"
"Deep femoral artery.l","arteries","Arteria de miembro que irriga músculos y piel.","Suministra sangre oxigenada a territorio del miembro.","Trayecto anatómico en miembro correspondiente.","Arteria proximal,Músculos,Arterias distales"
"Lateral circumflex femoral artery.l","arteries","Arteria de miembro que irriga músculos y piel.","Suministra sangre oxigenada a territorio del miembro.","Trayecto anatómico en miembro correspondiente.","Arteria proximal,Músculos,Arterias distales"
"Descending branch of lateral circumflex femoral artery.l","arteries","Arteria de miembro que irriga músculos y piel.","Suministra sangre oxigenada a territorio del miembro.","Trayecto anatómico en miembro correspondiente.","Arteria proximal,Músculos,Arterias distales"
"Medial circumflex femoral artery.l","arteries","Arteria de miembro que irriga músculos y piel.","Suministra sangre oxigenada a territorio del miembro.","Trayecto anatómico en miembro correspondiente.","Arteria proximal,Músculos,Arterias distales"
"Perforating femoral arteries.l","arteries","Arteria de miembro que irriga músculos y piel.","Suministra sangre oxigenada a territorio del miembro.","Trayecto anatómico en miembro correspondiente.","Arteria proximal,Músculos,Arterias distales"
"Popliteal artery.l","arteries","Arteria de miembro que irriga músculos y piel.","Suministra sangre oxigenada a territorio del miembro.","Trayecto anatómico en miembro correspondiente.","Arteria proximal,Músculos,Arterias distales"
"Anterior tibial artery.l","arteries","Arteria de miembro que irriga músculos y piel.","Suministra sangre oxigenada a territorio del miembro.","Trayecto anatómico en miembro correspondiente.","Arteria proximal,Músculos,Arterias distales"
"Dorsalis pedis artery.l","arteries","Arteria que transporta sangre oxigenada a territorio específico.","Distribuye sangre oxigenada desde corazón a tejidos.","Trayecto anatómico correspondiente.","Arteria proximal,Territorio irrigado,Ramas colaterales"
"Arcuate artery.l","arteries","Arteria que transporta sangre oxigenada a territorio específico.","Distribuye sangre oxigenada desde corazón a tejidos.","Trayecto anatómico correspondiente.","Arteria proximal,Territorio irrigado,Ramas colaterales"
"Dorsal metatarsal arteries.l","arteries","Arteria de miembro que irriga músculos y piel.","Suministra sangre oxigenada a territorio del miembro.","Trayecto anatómico en miembro correspondiente.","Arteria proximal,Músculos,Arterias distales"
"Dorsal digital arteries of foot.l","arteries","Arteria de miembro que irriga músculos y piel.","Suministra sangre oxigenada a territorio del miembro.","Trayecto anatómico en miembro correspondiente.","Arteria proximal,Músculos,Arterias distales"
"Deep plantar artery.l","arteries","Arteria de miembro que irriga músculos y piel.","Suministra sangre oxigenada a territorio del miembro.","Trayecto anatómico en miembro correspondiente.","Arteria proximal,Músculos,Arterias distales"
"Lateral tarsal artery.l","arteries","Arteria que transporta sangre oxigenada a territorio específico.","Distribuye sangre oxigenada desde corazón a tejidos.","Trayecto anatómico correspondiente.","Arteria proximal,Territorio irrigado,Ramas colaterales"
"Inferior lateral genicular artery.l","arteries","Arteria de miembro que irriga músculos y piel.","Suministra sangre oxigenada a territorio del miembro.","Trayecto anatómico en miembro correspondiente.","Arteria proximal,Músculos,Arterias distales"
"Inferior medial genicular artery.l","arteries","Arteria de miembro que irriga músculos y piel.","Suministra sangre oxigenada a territorio del miembro.","Trayecto anatómico en miembro correspondiente.","Arteria proximal,Músculos,Arterias distales"
"Middle genicular artery.l","arteries","Arteria de miembro que irriga músculos y piel.","Suministra sangre oxigenada a territorio del miembro.","Trayecto anatómico en miembro correspondiente.","Arteria proximal,Músculos,Arterias distales"
"Patellar anastomosis.l","arteries","Arteria que transporta sangre oxigenada a territorio específico.","Distribuye sangre oxigenada desde corazón a tejidos.","Trayecto anatómico correspondiente.","Arteria proximal,Territorio irrigado,Ramas colaterales"
"Posterior tibial artery.l","arteries","Arteria de miembro que irriga músculos y piel.","Suministra sangre oxigenada a territorio del miembro.","Trayecto anatómico en miembro correspondiente.","Arteria proximal,Músculos,Arterias distales"
"Calcaneal branches of posterior tibial artery.l","arteries","Arteria de miembro que irriga músculos y piel.","Suministra sangre oxigenada a territorio del miembro.","Trayecto anatómico en miembro correspondiente.","Arteria proximal,Músculos,Arterias distales"
"Fibular artery.l","arteries","Arteria de miembro que irriga músculos y piel.","Suministra sangre oxigenada a territorio del miembro.","Trayecto anatómico en miembro correspondiente.","Arteria proximal,Músculos,Arterias distales"
"Calcaneal branches of fibular artery.l","arteries","Arteria de miembro que irriga músculos y piel.","Suministra sangre oxigenada a territorio del miembro.","Trayecto anatómico en miembro correspondiente.","Arteria proximal,Músculos,Arterias distales"
"Lateral plantar artery.l","arteries","Arteria de miembro que irriga músculos y piel.","Suministra sangre oxigenada a territorio del miembro.","Trayecto anatómico en miembro correspondiente.","Arteria proximal,Músculos,Arterias distales"
"Plantar arch.l","arteries","Arteria de miembro que irriga músculos y piel.","Suministra sangre oxigenada a territorio del miembro.","Trayecto anatómico en miembro correspondiente.","Arteria proximal,Músculos,Arterias distales"
"Plantar metatarsal arteries.l","arteries","Arteria de miembro que irriga músculos y piel.","Suministra sangre oxigenada a territorio del miembro.","Trayecto anatómico en miembro correspondiente.","Arteria proximal,Músculos,Arterias distales"
"Common plantar digital arteries.l","arteries","Arteria de miembro que irriga músculos y piel.","Suministra sangre oxigenada a territorio del miembro.","Trayecto anatómico en miembro correspondiente.","Arteria proximal,Músculos,Arterias distales"
"Proper plantar digital arteries.l","arteries","Arteria de miembro que irriga músculos y piel.","Suministra sangre oxigenada a territorio del miembro.","Trayecto anatómico en miembro correspondiente.","Arteria proximal,Músculos,Arterias distales"
"Perforating branches of plantar metatarsal arteries.l","arteries","Arteria de miembro que irriga músculos y piel.","Suministra sangre oxigenada a territorio del miembro.","Trayecto anatómico en miembro correspondiente.","Arteria proximal,Músculos,Arterias distales"
"Medial plantar artery.l","arteries","Arteria de miembro que irriga músculos y piel.","Suministra sangre oxigenada a territorio del miembro.","Trayecto anatómico en miembro correspondiente.","Arteria proximal,Músculos,Arterias distales"
"Superficial branch of medial plantar artery.l","arteries","Arteria de miembro que irriga músculos y piel.","Suministra sangre oxigenada a territorio del miembro.","Trayecto anatómico en miembro correspondiente.","Arteria proximal,Músculos,Arterias distales"
"Superior lateral genicular artery.l","arteries","Arteria de miembro que irriga músculos y piel.","Suministra sangre oxigenada a territorio del miembro.","Trayecto anatómico en miembro correspondiente.","Arteria proximal,Músculos,Arterias distales"
"Superior medial genicular artery.l","arteries","Arteria de miembro que irriga músculos y piel.","Suministra sangre oxigenada a territorio del miembro.","Trayecto anatómico en miembro correspondiente.","Arteria proximal,Músculos,Arterias distales"
"Superficial epigastric artery.l","arteries","Arteria de miembro que irriga músculos y piel.","Suministra sangre oxigenada a territorio del miembro.","Trayecto anatómico en miembro correspondiente.","Arteria proximal,Músculos,Arterias distales"
"Superficial external pudendal artery.l","arteries","Arteria que transporta sangre oxigenada a territorio específico.","Distribuye sangre oxigenada desde corazón a tejidos.","Trayecto anatómico correspondiente.","Arteria proximal,Territorio irrigado,Ramas colaterales"
"Femoral artery.r","arteries","Arteria de miembro que irriga músculos y piel.","Suministra sangre oxigenada a territorio del miembro.","Trayecto anatómico en miembro correspondiente.","Arteria proximal,Músculos,Arterias distales"
"Deep external pudendal artery.r","arteries","Arteria que transporta sangre oxigenada a territorio específico.","Distribuye sangre oxigenada desde corazón a tejidos.","Trayecto anatómico correspondiente.","Arteria proximal,Territorio irrigado,Ramas colaterales"
"Deep femoral artery.r","arteries","Arteria de miembro que irriga músculos y piel.","Suministra sangre oxigenada a territorio del miembro.","Trayecto anatómico en miembro correspondiente.","Arteria proximal,Músculos,Arterias distales"
"Lateral circumflex femoral artery.r","arteries","Arteria de miembro que irriga músculos y piel.","Suministra sangre oxigenada a territorio del miembro.","Trayecto anatómico en miembro correspondiente.","Arteria proximal,Músculos,Arterias distales"
"Descending branch of lateral circumflex femoral artery","arteries","Arteria de miembro que irriga músculos y piel.","Suministra sangre oxigenada a territorio del miembro.","Trayecto anatómico en miembro correspondiente.","Arteria proximal,Músculos,Arterias distales"
"Medial circumflex femoral artery.r","arteries","Arteria de miembro que irriga músculos y piel.","Suministra sangre oxigenada a territorio del miembro.","Trayecto anatómico en miembro correspondiente.","Arteria proximal,Músculos,Arterias distales"
"Perforating femoral arteries.r","arteries","Arteria de miembro que irriga músculos y piel.","Suministra sangre oxigenada a territorio del miembro.","Trayecto anatómico en miembro correspondiente.","Arteria proximal,Músculos,Arterias distales"
"Popliteal artery.r","arteries","Arteria de miembro que irriga músculos y piel.","Suministra sangre oxigenada a territorio del miembro.","Trayecto anatómico en miembro correspondiente.","Arteria proximal,Músculos,Arterias distales"
"Anterior tibial artery.r","arteries","Arteria de miembro que irriga músculos y piel.","Suministra sangre oxigenada a territorio del miembro.","Trayecto anatómico en miembro correspondiente.","Arteria proximal,Músculos,Arterias distales"
"Dorsalis pedis artery.r","arteries","Arteria que transporta sangre oxigenada a territorio específico.","Distribuye sangre oxigenada desde corazón a tejidos.","Trayecto anatómico correspondiente.","Arteria proximal,Territorio irrigado,Ramas colaterales"
"Arcuate artery.r","arteries","Arteria que transporta sangre oxigenada a territorio específico.","Distribuye sangre oxigenada desde corazón a tejidos.","Trayecto anatómico correspondiente.","Arteria proximal,Territorio irrigado,Ramas colaterales"
"Dorsal metatarsal arteries.r","arteries","Arteria de miembro que irriga músculos y piel.","Suministra sangre oxigenada a territorio del miembro.","Trayecto anatómico en miembro correspondiente.","Arteria proximal,Músculos,Arterias distales"
"Dorsal digital arteries of foot.r","arteries","Arteria de miembro que irriga músculos y piel.","Suministra sangre oxigenada a territorio del miembro.","Trayecto anatómico en miembro correspondiente.","Arteria proximal,Músculos,Arterias distales"
"Deep plantar artery.r","arteries","Arteria de miembro que irriga músculos y piel.","Suministra sangre oxigenada a territorio del miembro.","Trayecto anatómico en miembro correspondiente.","Arteria proximal,Músculos,Arterias distales"
"Lateral tarsal artery.r","arteries","Arteria que transporta sangre oxigenada a territorio específico.","Distribuye sangre oxigenada desde corazón a tejidos.","Trayecto anatómico correspondiente.","Arteria proximal,Territorio irrigado,Ramas colaterales"
"Inferior lateral genicular artery.r","arteries","Arteria de miembro que irriga músculos y piel.","Suministra sangre oxigenada a territorio del miembro.","Trayecto anatómico en miembro correspondiente.","Arteria proximal,Músculos,Arterias distales"
"Inferior medial genicular artery.r","arteries","Arteria de miembro que irriga músculos y piel.","Suministra sangre oxigenada a territorio del miembro.","Trayecto anatómico en miembro correspondiente.","Arteria proximal,Músculos,Arterias distales"
"Middle genicular artery.r","arteries","Arteria de miembro que irriga músculos y piel.","Suministra sangre oxigenada a territorio del miembro.","Trayecto anatómico en miembro correspondiente.","Arteria proximal,Músculos,Arterias distales"
"Patellar anastomosis.r","arteries","Arteria que transporta sangre oxigenada a territorio específico.","Distribuye sangre oxigenada desde corazón a tejidos.","Trayecto anatómico correspondiente.","Arteria proximal,Territorio irrigado,Ramas colaterales"
"Posterior tibial artery.r","arteries","Arteria de miembro que irriga músculos y piel.","Suministra sangre oxigenada a territorio del miembro.","Trayecto anatómico en miembro correspondiente.","Arteria proximal,Músculos,Arterias distales"
"Calcaneal branches of posterior tibial artery.r","arteries","Arteria de miembro que irriga músculos y piel.","Suministra sangre oxigenada a territorio del miembro.","Trayecto anatómico en miembro correspondiente.","Arteria proximal,Músculos,Arterias distales"
"Fibular artery.r","arteries","Arteria de miembro que irriga músculos y piel.","Suministra sangre oxigenada a territorio del miembro.","Trayecto anatómico en miembro correspondiente.","Arteria proximal,Músculos,Arterias distales"
"Calcaneal branches of fibular artery.r","arteries","Arteria de miembro que irriga músculos y piel.","Suministra sangre oxigenada a territorio del miembro.","Trayecto anatómico en miembro correspondiente.","Arteria proximal,Músculos,Arterias distales"
"Lateral plantar artery.r","arteries","Arteria de miembro que irriga músculos y piel.","Suministra sangre oxigenada a territorio del miembro.","Trayecto anatómico en miembro correspondiente.","Arteria proximal,Músculos,Arterias distales"
"Plantar arch.r","arteries","Arteria de miembro que irriga músculos y piel.","Suministra sangre oxigenada a territorio del miembro.","Trayecto anatómico en miembro correspondiente.","Arteria proximal,Músculos,Arterias distales"
"Plantar metatarsal arteries.r","arteries","Arteria de miembro que irriga músculos y piel.","Suministra sangre oxigenada a territorio del miembro.","Trayecto anatómico en miembro correspondiente.","Arteria proximal,Músculos,Arterias distales"
"Common plantar digital arteries.r","arteries","Arteria de miembro que irriga músculos y piel.","Suministra sangre oxigenada a territorio del miembro.","Trayecto anatómico en miembro correspondiente.","Arteria proximal,Músculos,Arterias distales"
"Proper plantar digital arteries.r","arteries","Arteria de miembro que irriga músculos y piel.","Suministra sangre oxigenada a territorio del miembro.","Trayecto anatómico en miembro correspondiente.","Arteria proximal,Músculos,Arterias distales"
"Perforating branches of plantar metatarsal arteries.r","arteries","Arteria de miembro que irriga músculos y piel.","Suministra sangre oxigenada a territorio del miembro.","Trayecto anatómico en miembro correspondiente.","Arteria proximal,Músculos,Arterias distales"
"Medial plantar artery.r","arteries","Arteria de miembro que irriga músculos y piel.","Suministra sangre oxigenada a territorio del miembro.","Trayecto anatómico en miembro correspondiente.","Arteria proximal,Músculos,Arterias distales"
"Superficial branch of medial plantar artery.r","arteries","Arteria de miembro que irriga músculos y piel.","Suministra sangre oxigenada a territorio del miembro.","Trayecto anatómico en miembro correspondiente.","Arteria proximal,Músculos,Arterias distales"
"Superior lateral genicular artery.r","arteries","Arteria de miembro que irriga músculos y piel.","Suministra sangre oxigenada a territorio del miembro.","Trayecto anatómico en miembro correspondiente.","Arteria proximal,Músculos,Arterias distales"
"Superior medial genicular artery.r","arteries","Arteria de miembro que irriga músculos y piel.","Suministra sangre oxigenada a territorio del miembro.","Trayecto anatómico en miembro correspondiente.","Arteria proximal,Músculos,Arterias distales"
"Superficial epigastric artery.r","arteries","Arteria de miembro que irriga músculos y piel.","Suministra sangre oxigenada a territorio del miembro.","Trayecto anatómico en miembro correspondiente.","Arteria proximal,Músculos,Arterias distales"
"Superficial external pudendal artery.r","arteries","Arteria que transporta sangre oxigenada a territorio específico.","Distribuye sangre oxigenada desde corazón a tejidos.","Trayecto anatómico correspondiente.","Arteria proximal,Territorio irrigado,Ramas colaterales"
"Left common carotid artery","arteries","Arteria que irriga encéfalo y meninges.","Suministra sangre oxigenada a territorio cerebral específico.","Base del cráneo, polígono de Willis.","Polígono de Willis,Encéfalo,Arterias carótidas/vertebrales"
"External carotid artery.l","arteries","Arteria que irriga encéfalo y meninges.","Suministra sangre oxigenada a territorio cerebral específico.","Base del cráneo, polígono de Willis.","Polígono de Willis,Encéfalo,Arterias carótidas/vertebrales"
"Ascending pharyngeal artery.l","arteries","Arteria que transporta sangre oxigenada a territorio específico.","Distribuye sangre oxigenada desde corazón a tejidos.","Trayecto anatómico correspondiente.","Arteria proximal,Territorio irrigado,Ramas colaterales"
"Facial artery.l","arteries","Arteria que transporta sangre oxigenada a territorio específico.","Distribuye sangre oxigenada desde corazón a tejidos.","Trayecto anatómico correspondiente.","Arteria proximal,Territorio irrigado,Ramas colaterales"
"Angular artery.l","arteries","Arteria que transporta sangre oxigenada a territorio específico.","Distribuye sangre oxigenada desde corazón a tejidos.","Trayecto anatómico correspondiente.","Arteria proximal,Territorio irrigado,Ramas colaterales"
"Inferior labial artery.l","arteries","Arteria que transporta sangre oxigenada a territorio específico.","Distribuye sangre oxigenada desde corazón a tejidos.","Trayecto anatómico correspondiente.","Arteria proximal,Territorio irrigado,Ramas colaterales"
"Submental artery.l","arteries","Arteria que transporta sangre oxigenada a territorio específico.","Distribuye sangre oxigenada desde corazón a tejidos.","Trayecto anatómico correspondiente.","Arteria proximal,Territorio irrigado,Ramas colaterales"
"Superior labial artery.l","arteries","Arteria que transporta sangre oxigenada a territorio específico.","Distribuye sangre oxigenada desde corazón a tejidos.","Trayecto anatómico correspondiente.","Arteria proximal,Territorio irrigado,Ramas colaterales"
"Maxillary artery.l","arteries","Arteria de miembro que irriga músculos y piel.","Suministra sangre oxigenada a territorio del miembro.","Trayecto anatómico en miembro correspondiente.","Arteria proximal,Músculos,Arterias distales"
"Anterior deep temporal artery.l","arteries","Arteria que transporta sangre oxigenada a territorio específico.","Distribuye sangre oxigenada desde corazón a tejidos.","Trayecto anatómico correspondiente.","Arteria proximal,Territorio irrigado,Ramas colaterales"
"Artery of pterygoid canal.l","arteries","Arteria que transporta sangre oxigenada a territorio específico.","Distribuye sangre oxigenada desde corazón a tejidos.","Trayecto anatómico correspondiente.","Arteria proximal,Territorio irrigado,Ramas colaterales"
"Buccal artery.l","arteries","Arteria que transporta sangre oxigenada a territorio específico.","Distribuye sangre oxigenada desde corazón a tejidos.","Trayecto anatómico correspondiente.","Arteria proximal,Territorio irrigado,Ramas colaterales"
"Descending palatine artery.l","arteries","Arteria que transporta sangre oxigenada a territorio específico.","Distribuye sangre oxigenada desde corazón a tejidos.","Trayecto anatómico correspondiente.","Arteria proximal,Territorio irrigado,Ramas colaterales"
"Greater palatine artery.l","arteries","Arteria que transporta sangre oxigenada a territorio específico.","Distribuye sangre oxigenada desde corazón a tejidos.","Trayecto anatómico correspondiente.","Arteria proximal,Territorio irrigado,Ramas colaterales"
"Inferior alveolar artery.l","arteries","Arteria que transporta sangre oxigenada a territorio específico.","Distribuye sangre oxigenada desde corazón a tejidos.","Trayecto anatómico correspondiente.","Arteria proximal,Territorio irrigado,Ramas colaterales"
"Mental branch of inferior alveolar artery.l","arteries","Arteria que transporta sangre oxigenada a territorio específico.","Distribuye sangre oxigenada desde corazón a tejidos.","Trayecto anatómico correspondiente.","Arteria proximal,Territorio irrigado,Ramas colaterales"
"Mylohyoid branch of inferior alveolar artery.l","arteries","Arteria que transporta sangre oxigenada a territorio específico.","Distribuye sangre oxigenada desde corazón a tejidos.","Trayecto anatómico correspondiente.","Arteria proximal,Territorio irrigado,Ramas colaterales"
"Infra-orbital artery.l","arteries","Arteria que transporta sangre oxigenada a territorio específico.","Distribuye sangre oxigenada desde corazón a tejidos.","Trayecto anatómico correspondiente.","Arteria proximal,Territorio irrigado,Ramas colaterales"
"Middle meningeal artery.l","arteries","Arteria que transporta sangre oxigenada a territorio específico.","Distribuye sangre oxigenada desde corazón a tejidos.","Trayecto anatómico correspondiente.","Arteria proximal,Territorio irrigado,Ramas colaterales"
"Accessory branch of middle meningeal artery.l","arteries","Arteria que transporta sangre oxigenada a territorio específico.","Distribuye sangre oxigenada desde corazón a tejidos.","Trayecto anatómico correspondiente.","Arteria proximal,Territorio irrigado,Ramas colaterales"
"Posterior deep temporal artery.l","arteries","Arteria que transporta sangre oxigenada a territorio específico.","Distribuye sangre oxigenada desde corazón a tejidos.","Trayecto anatómico correspondiente.","Arteria proximal,Territorio irrigado,Ramas colaterales"
"Posterior lateral nasal branches of sphenopalatine artery..l","arteries","Arteria que transporta sangre oxigenada a territorio específico.","Distribuye sangre oxigenada desde corazón a tejidos.","Trayecto anatómico correspondiente.","Arteria proximal,Territorio irrigado,Ramas colaterales"
"Posterior septal branches of sphenopalatine artery.l","arteries","Arteria que transporta sangre oxigenada a territorio específico.","Distribuye sangre oxigenada desde corazón a tejidos.","Trayecto anatómico correspondiente.","Arteria proximal,Territorio irrigado,Ramas colaterales"
"Posterior superior alveolar artery.l","arteries","Arteria que transporta sangre oxigenada a territorio específico.","Distribuye sangre oxigenada desde corazón a tejidos.","Trayecto anatómico correspondiente.","Arteria proximal,Territorio irrigado,Ramas colaterales"
"Occipital artery.l","arteries","Arteria que transporta sangre oxigenada a territorio específico.","Distribuye sangre oxigenada desde corazón a tejidos.","Trayecto anatómico correspondiente.","Arteria proximal,Territorio irrigado,Ramas colaterales"
"Superficial temporal artery.l","arteries","Arteria que transporta sangre oxigenada a territorio específico.","Distribuye sangre oxigenada desde corazón a tejidos.","Trayecto anatómico correspondiente.","Arteria proximal,Territorio irrigado,Ramas colaterales"
"Frontal branch of superficial temporal artery.l","arteries","Arteria que transporta sangre oxigenada a territorio específico.","Distribuye sangre oxigenada desde corazón a tejidos.","Trayecto anatómico correspondiente.","Arteria proximal,Territorio irrigado,Ramas colaterales"
"Transverse facial artery.l","arteries","Arteria que transporta sangre oxigenada a territorio específico.","Distribuye sangre oxigenada desde corazón a tejidos.","Trayecto anatómico correspondiente.","Arteria proximal,Territorio irrigado,Ramas colaterales"
"Internal carotid artery.l","arteries","Arteria que irriga encéfalo y meninges.","Suministra sangre oxigenada a territorio cerebral específico.","Base del cráneo, polígono de Willis.","Polígono de Willis,Encéfalo,Arterias carótidas/vertebrales"
"Middle cerebral artery (M1-segment).l","arteries","Arteria que irriga encéfalo y meninges.","Suministra sangre oxigenada a territorio cerebral específico.","Base del cráneo, polígono de Willis.","Polígono de Willis,Encéfalo,Arterias carótidas/vertebrales"
"Distal lateral striate branches.l","arteries","Arteria que irriga encéfalo y meninges.","Suministra sangre oxigenada a territorio cerebral específico.","Base del cráneo, polígono de Willis.","Polígono de Willis,Encéfalo,Arterias carótidas/vertebrales"
"Insular branches of middle cerebral artery (M2-segment).l","arteries","Arteria que irriga encéfalo y meninges.","Suministra sangre oxigenada a territorio cerebral específico.","Base del cráneo, polígono de Willis.","Polígono de Willis,Encéfalo,Arterias carótidas/vertebrales"
"Anterior temporal branch.l","arteries","Arteria que transporta sangre oxigenada a territorio específico.","Distribuye sangre oxigenada desde corazón a tejidos.","Trayecto anatómico correspondiente.","Arteria proximal,Territorio irrigado,Ramas colaterales"
"Artery of precentral sulcus.l","arteries","Arteria que irriga encéfalo y meninges.","Suministra sangre oxigenada a territorio cerebral específico.","Base del cráneo, polígono de Willis.","Polígono de Willis,Encéfalo,Arterias carótidas/vertebrales"
"Middle cerebral artery (M3 segment).l","arteries","Arteria que irriga encéfalo y meninges.","Suministra sangre oxigenada a territorio cerebral específico.","Base del cráneo, polígono de Willis.","Polígono de Willis,Encéfalo,Arterias carótidas/vertebrales"
"Artery of central sulcus.l","arteries","Arteria que irriga encéfalo y meninges.","Suministra sangre oxigenada a territorio cerebral específico.","Base del cráneo, polígono de Willis.","Polígono de Willis,Encéfalo,Arterias carótidas/vertebrales"
"Parietal branches of middle cerebral artery.l","arteries","Arteria que irriga encéfalo y meninges.","Suministra sangre oxigenada a territorio cerebral específico.","Base del cráneo, polígono de Willis.","Polígono de Willis,Encéfalo,Arterias carótidas/vertebrales"
"Postcentral arterial branch.l","arteries","Arteria que irriga encéfalo y meninges.","Suministra sangre oxigenada a territorio cerebral específico.","Base del cráneo, polígono de Willis.","Polígono de Willis,Encéfalo,Arterias carótidas/vertebrales"
"Posterior parietal artery.l","arteries","Arteria que transporta sangre oxigenada a territorio específico.","Distribuye sangre oxigenada desde corazón a tejidos.","Trayecto anatómico correspondiente.","Arteria proximal,Territorio irrigado,Ramas colaterales"
"Posterior temporal branch.l","arteries","Arteria que transporta sangre oxigenada a territorio específico.","Distribuye sangre oxigenada desde corazón a tejidos.","Trayecto anatómico correspondiente.","Arteria proximal,Territorio irrigado,Ramas colaterales"
"Temporal branches of middle cerebral artery.l","arteries","Arteria que irriga encéfalo y meninges.","Suministra sangre oxigenada a territorio cerebral específico.","Base del cráneo, polígono de Willis.","Polígono de Willis,Encéfalo,Arterias carótidas/vertebrales"
"Temporo-occipital branch.l","arteries","Arteria que transporta sangre oxigenada a territorio específico.","Distribuye sangre oxigenada desde corazón a tejidos.","Trayecto anatómico correspondiente.","Arteria proximal,Territorio irrigado,Ramas colaterales"
"Branch to angular gyrus.l","arteries","Arteria que transporta sangre oxigenada a territorio específico.","Distribuye sangre oxigenada desde corazón a tejidos.","Trayecto anatómico correspondiente.","Arteria proximal,Territorio irrigado,Ramas colaterales"
"Prefrontal artery.l","arteries","Arteria que transporta sangre oxigenada a territorio específico.","Distribuye sangre oxigenada desde corazón a tejidos.","Trayecto anatómico correspondiente.","Arteria proximal,Territorio irrigado,Ramas colaterales"
"Lateral frontobasal artery.l","arteries","Arteria que transporta sangre oxigenada a territorio específico.","Distribuye sangre oxigenada desde corazón a tejidos.","Trayecto anatómico correspondiente.","Arteria proximal,Territorio irrigado,Ramas colaterales"
"Proximal lateral striate branches.l","arteries","Arteria que irriga encéfalo y meninges.","Suministra sangre oxigenada a territorio cerebral específico.","Base del cráneo, polígono de Willis.","Polígono de Willis,Encéfalo,Arterias carótidas/vertebrales"
"Ophthalmic artery.l","arteries","Arteria que irriga encéfalo y meninges.","Suministra sangre oxigenada a territorio cerebral específico.","Base del cráneo, polígono de Willis.","Polígono de Willis,Encéfalo,Arterias carótidas/vertebrales"
"Anterior ethmoidal artery.l","arteries","Arteria que transporta sangre oxigenada a territorio específico.","Distribuye sangre oxigenada desde corazón a tejidos.","Trayecto anatómico correspondiente.","Arteria proximal,Territorio irrigado,Ramas colaterales"
"Anterior septal branches of anterior ethmoidal artery.l","arteries","Arteria que transporta sangre oxigenada a territorio específico.","Distribuye sangre oxigenada desde corazón a tejidos.","Trayecto anatómico correspondiente.","Arteria proximal,Territorio irrigado,Ramas colaterales"
"Central retinal artery.l","arteries","Arteria que irriga encéfalo y meninges.","Suministra sangre oxigenada a territorio cerebral específico.","Base del cráneo, polígono de Willis.","Polígono de Willis,Encéfalo,Arterias carótidas/vertebrales"
"Lacrimal artery.l","arteries","Arteria que transporta sangre oxigenada a territorio específico.","Distribuye sangre oxigenada desde corazón a tejidos.","Trayecto anatómico correspondiente.","Arteria proximal,Territorio irrigado,Ramas colaterales"
"Long posterior ciliary arteries.l","arteries","Arteria que transporta sangre oxigenada a territorio específico.","Distribuye sangre oxigenada desde corazón a tejidos.","Trayecto anatómico correspondiente.","Arteria proximal,Territorio irrigado,Ramas colaterales"
"Posterior ethmoidal artery.l","arteries","Arteria que transporta sangre oxigenada a territorio específico.","Distribuye sangre oxigenada desde corazón a tejidos.","Trayecto anatómico correspondiente.","Arteria proximal,Territorio irrigado,Ramas colaterales"
"Septal branches of posterior ethmoidal artery.l","arteries","Arteria que transporta sangre oxigenada a territorio específico.","Distribuye sangre oxigenada desde corazón a tejidos.","Trayecto anatómico correspondiente.","Arteria proximal,Territorio irrigado,Ramas colaterales"
"Short posterior ciliary arteries.l","arteries","Arteria que transporta sangre oxigenada a territorio específico.","Distribuye sangre oxigenada desde corazón a tejidos.","Trayecto anatómico correspondiente.","Arteria proximal,Territorio irrigado,Ramas colaterales"
"Supra-orbital artery.l","arteries","Arteria que transporta sangre oxigenada a territorio específico.","Distribuye sangre oxigenada desde corazón a tejidos.","Trayecto anatómico correspondiente.","Arteria proximal,Territorio irrigado,Ramas colaterales"
"Supratrochlear artery.l","arteries","Arteria que transporta sangre oxigenada a territorio específico.","Distribuye sangre oxigenada desde corazón a tejidos.","Trayecto anatómico correspondiente.","Arteria proximal,Territorio irrigado,Ramas colaterales"
"Left subclavian artery","arteries","Arteria de miembro que irriga músculos y piel.","Suministra sangre oxigenada a territorio del miembro.","Trayecto anatómico en miembro correspondiente.","Arteria proximal,Músculos,Arterias distales"
"Axillary artery.l","arteries","Arteria de miembro que irriga músculos y piel.","Suministra sangre oxigenada a territorio del miembro.","Trayecto anatómico en miembro correspondiente.","Arteria proximal,Músculos,Arterias distales"
"Anterior circumflex humeral artery.l","arteries","Arteria de miembro que irriga músculos y piel.","Suministra sangre oxigenada a territorio del miembro.","Trayecto anatómico en miembro correspondiente.","Arteria proximal,Músculos,Arterias distales"
"Brachial artery.l","arteries","Arteria de miembro que irriga músculos y piel.","Suministra sangre oxigenada a territorio del miembro.","Trayecto anatómico en miembro correspondiente.","Arteria proximal,Músculos,Arterias distales"
"Deep brachial artery.l","arteries","Arteria de miembro que irriga músculos y piel.","Suministra sangre oxigenada a territorio del miembro.","Trayecto anatómico en miembro correspondiente.","Arteria proximal,Músculos,Arterias distales"
"Middle collateral artery.l","arteries","Arteria que transporta sangre oxigenada a territorio específico.","Distribuye sangre oxigenada desde corazón a tejidos.","Trayecto anatómico correspondiente.","Arteria proximal,Territorio irrigado,Ramas colaterales"
"Radial collateral artery.l","arteries","Arteria de miembro que irriga músculos y piel.","Suministra sangre oxigenada a territorio del miembro.","Trayecto anatómico en miembro correspondiente.","Arteria proximal,Músculos,Arterias distales"
"Inferior ulnar collateral artery.l","arteries","Arteria de miembro que irriga músculos y piel.","Suministra sangre oxigenada a territorio del miembro.","Trayecto anatómico en miembro correspondiente.","Arteria proximal,Músculos,Arterias distales"
"Radial artery.l","arteries","Arteria de miembro que irriga músculos y piel.","Suministra sangre oxigenada a territorio del miembro.","Trayecto anatómico en miembro correspondiente.","Arteria proximal,Músculos,Arterias distales"
"Deep palmar arch.l","arteries","Arteria de miembro que irriga músculos y piel.","Suministra sangre oxigenada a territorio del miembro.","Trayecto anatómico en miembro correspondiente.","Arteria proximal,Músculos,Arterias distales"
"Palmar metacarpal arteries.l","arteries","Arteria de miembro que irriga músculos y piel.","Suministra sangre oxigenada a territorio del miembro.","Trayecto anatómico en miembro correspondiente.","Arteria proximal,Músculos,Arterias distales"
"Dorsal carpal anastomosis.l","arteries","Arteria que transporta sangre oxigenada a territorio específico.","Distribuye sangre oxigenada desde corazón a tejidos.","Trayecto anatómico correspondiente.","Arteria proximal,Territorio irrigado,Ramas colaterales"
"Dorsal metacarpal arteries.l","arteries","Arteria que transporta sangre oxigenada a territorio específico.","Distribuye sangre oxigenada desde corazón a tejidos.","Trayecto anatómico correspondiente.","Arteria proximal,Territorio irrigado,Ramas colaterales"
"Dorsal digital arteries of hand.l","arteries","Arteria de miembro que irriga músculos y piel.","Suministra sangre oxigenada a territorio del miembro.","Trayecto anatómico en miembro correspondiente.","Arteria proximal,Músculos,Arterias distales"
"Palmar carpal branch of radial artery.l","arteries","Arteria de miembro que irriga músculos y piel.","Suministra sangre oxigenada a territorio del miembro.","Trayecto anatómico en miembro correspondiente.","Arteria proximal,Músculos,Arterias distales"
"Superior ulnar collateral artery.l","arteries","Arteria de miembro que irriga músculos y piel.","Suministra sangre oxigenada a territorio del miembro.","Trayecto anatómico en miembro correspondiente.","Arteria proximal,Músculos,Arterias distales"
"Ulnar artery.l","arteries","Arteria de miembro que irriga músculos y piel.","Suministra sangre oxigenada a territorio del miembro.","Trayecto anatómico en miembro correspondiente.","Arteria proximal,Músculos,Arterias distales"
"(Ulnar recurrent artery).l","arteries","Arteria de miembro que irriga músculos y piel.","Suministra sangre oxigenada a territorio del miembro.","Trayecto anatómico en miembro correspondiente.","Arteria proximal,Músculos,Arterias distales"
"Common interosseous artery.l","arteries","Arteria de miembro que irriga músculos y piel.","Suministra sangre oxigenada a territorio del miembro.","Trayecto anatómico en miembro correspondiente.","Arteria proximal,Músculos,Arterias distales"
"Posterior interosseous artery.l","arteries","Arteria de miembro que irriga músculos y piel.","Suministra sangre oxigenada a territorio del miembro.","Trayecto anatómico en miembro correspondiente.","Arteria proximal,Músculos,Arterias distales"
"Recurrent interosseous artery.l","arteries","Arteria de miembro que irriga músculos y piel.","Suministra sangre oxigenada a territorio del miembro.","Trayecto anatómico en miembro correspondiente.","Arteria proximal,Músculos,Arterias distales"
"Dorsal carpal branch of ulnar artery.l","arteries","Arteria de miembro que irriga músculos y piel.","Suministra sangre oxigenada a territorio del miembro.","Trayecto anatómico en miembro correspondiente.","Arteria proximal,Músculos,Arterias distales"
"Superficial palmar arch.l","arteries","Arteria de miembro que irriga músculos y piel.","Suministra sangre oxigenada a territorio del miembro.","Trayecto anatómico en miembro correspondiente.","Arteria proximal,Músculos,Arterias distales"
"Common palmar digital arteries.l","arteries","Arteria de miembro que irriga músculos y piel.","Suministra sangre oxigenada a territorio del miembro.","Trayecto anatómico en miembro correspondiente.","Arteria proximal,Músculos,Arterias distales"
"Proper palmar digital arteries.l","arteries","Arteria de miembro que irriga músculos y piel.","Suministra sangre oxigenada a territorio del miembro.","Trayecto anatómico en miembro correspondiente.","Arteria proximal,Músculos,Arterias distales"
"Lateral thoracic artery.l","arteries","Arteria que transporta sangre oxigenada a territorio específico.","Distribuye sangre oxigenada desde corazón a tejidos.","Trayecto anatómico correspondiente.","Arteria proximal,Territorio irrigado,Ramas colaterales"
"Posterior circumflex humeral artery.l","arteries","Arteria de miembro que irriga músculos y piel.","Suministra sangre oxigenada a territorio del miembro.","Trayecto anatómico en miembro correspondiente.","Arteria proximal,Músculos,Arterias distales"
"Subscapular artery.l","arteries","Arteria que transporta sangre oxigenada a territorio específico.","Distribuye sangre oxigenada desde corazón a tejidos.","Trayecto anatómico correspondiente.","Arteria proximal,Territorio irrigado,Ramas colaterales"
"Circumflex scapular artery.l","arteries","Arteria de miembro que irriga músculos y piel.","Suministra sangre oxigenada a territorio del miembro.","Trayecto anatómico en miembro correspondiente.","Arteria proximal,Músculos,Arterias distales"
"Thoracodorsal artery.l","arteries","Arteria que transporta sangre oxigenada a territorio específico.","Distribuye sangre oxigenada desde corazón a tejidos.","Trayecto anatómico correspondiente.","Arteria proximal,Territorio irrigado,Ramas colaterales"
"Thoraco-acromial artery.l","arteries","Arteria que transporta sangre oxigenada a territorio específico.","Distribuye sangre oxigenada desde corazón a tejidos.","Trayecto anatómico correspondiente.","Arteria proximal,Territorio irrigado,Ramas colaterales"
"Pectoral branches of thoraco-acromial artery.l","arteries","Arteria que transporta sangre oxigenada a territorio específico.","Distribuye sangre oxigenada desde corazón a tejidos.","Trayecto anatómico correspondiente.","Arteria proximal,Territorio irrigado,Ramas colaterales"
"Costocervical trunk.l","arteries","Arteria que transporta sangre oxigenada a territorio específico.","Distribuye sangre oxigenada desde corazón a tejidos.","Trayecto anatómico correspondiente.","Arteria proximal,Territorio irrigado,Ramas colaterales"
"Deep cervical artery.l","arteries","Arteria que transporta sangre oxigenada a territorio específico.","Distribuye sangre oxigenada desde corazón a tejidos.","Trayecto anatómico correspondiente.","Arteria proximal,Territorio irrigado,Ramas colaterales"
"Supreme intercostal artery.l","arteries","Arteria que transporta sangre oxigenada a territorio específico.","Distribuye sangre oxigenada desde corazón a tejidos.","Trayecto anatómico correspondiente.","Arteria proximal,Territorio irrigado,Ramas colaterales"
"First posterior intercostal artery.l","arteries","Arteria que transporta sangre oxigenada a territorio específico.","Distribuye sangre oxigenada desde corazón a tejidos.","Trayecto anatómico correspondiente.","Arteria proximal,Territorio irrigado,Ramas colaterales"
"Second posterior intercostal artery.l","arteries","Arteria que transporta sangre oxigenada a territorio específico.","Distribuye sangre oxigenada desde corazón a tejidos.","Trayecto anatómico correspondiente.","Arteria proximal,Territorio irrigado,Ramas colaterales"
"Internal thoracic artery.l","arteries","Arteria que transporta sangre oxigenada a territorio específico.","Distribuye sangre oxigenada desde corazón a tejidos.","Trayecto anatómico correspondiente.","Arteria proximal,Territorio irrigado,Ramas colaterales"
"Musculophrenic artery.l","arteries","Arteria que transporta sangre oxigenada a territorio específico.","Distribuye sangre oxigenada desde corazón a tejidos.","Trayecto anatómico correspondiente.","Arteria proximal,Territorio irrigado,Ramas colaterales"
"Superior epigastric artery.l","arteries","Arteria de miembro que irriga músculos y piel.","Suministra sangre oxigenada a territorio del miembro.","Trayecto anatómico en miembro correspondiente.","Arteria proximal,Músculos,Arterias distales"
"Thyrocervical trunk.l","arteries","Arteria que transporta sangre oxigenada a territorio específico.","Distribuye sangre oxigenada desde corazón a tejidos.","Trayecto anatómico correspondiente.","Arteria proximal,Territorio irrigado,Ramas colaterales"
"Inferior thyroid artery.l","arteries","Arteria que transporta sangre oxigenada a territorio específico.","Distribuye sangre oxigenada desde corazón a tejidos.","Trayecto anatómico correspondiente.","Arteria proximal,Territorio irrigado,Ramas colaterales"
"Suprascapular artery.l","arteries","Arteria que transporta sangre oxigenada a territorio específico.","Distribuye sangre oxigenada desde corazón a tejidos.","Trayecto anatómico correspondiente.","Arteria proximal,Territorio irrigado,Ramas colaterales"
"Transverse cervical artery.l","arteries","Arteria que transporta sangre oxigenada a territorio específico.","Distribuye sangre oxigenada desde corazón a tejidos.","Trayecto anatómico correspondiente.","Arteria proximal,Territorio irrigado,Ramas colaterales"
"(Deep branch of transverse cervical artery).l","arteries","Arteria que transporta sangre oxigenada a territorio específico.","Distribuye sangre oxigenada desde corazón a tejidos.","Trayecto anatómico correspondiente.","Arteria proximal,Territorio irrigado,Ramas colaterales"
"(Superficial branch of transverse cervical artery).l","arteries","Arteria que transporta sangre oxigenada a territorio específico.","Distribuye sangre oxigenada desde corazón a tejidos.","Trayecto anatómico correspondiente.","Arteria proximal,Territorio irrigado,Ramas colaterales"
"Vertebral artery.l","arteries","Arteria que irriga encéfalo y meninges.","Suministra sangre oxigenada a territorio cerebral específico.","Base del cráneo, polígono de Willis.","Polígono de Willis,Encéfalo,Arterias carótidas/vertebrales"
"Posterior inferior cerebellar artery.l","arteries","Arteria que irriga encéfalo y meninges.","Suministra sangre oxigenada a territorio cerebral específico.","Base del cráneo, polígono de Willis.","Polígono de Willis,Encéfalo,Arterias carótidas/vertebrales"
"Right common carotid artery","arteries","Arteria que irriga encéfalo y meninges.","Suministra sangre oxigenada a territorio cerebral específico.","Base del cráneo, polígono de Willis.","Polígono de Willis,Encéfalo,Arterias carótidas/vertebrales"
"External carotid artery.r","arteries","Arteria que irriga encéfalo y meninges.","Suministra sangre oxigenada a territorio cerebral específico.","Base del cráneo, polígono de Willis.","Polígono de Willis,Encéfalo,Arterias carótidas/vertebrales"
"Ascending pharyngeal artery.r","arteries","Arteria que transporta sangre oxigenada a territorio específico.","Distribuye sangre oxigenada desde corazón a tejidos.","Trayecto anatómico correspondiente.","Arteria proximal,Territorio irrigado,Ramas colaterales"
"Facial artery.r","arteries","Arteria que transporta sangre oxigenada a territorio específico.","Distribuye sangre oxigenada desde corazón a tejidos.","Trayecto anatómico correspondiente.","Arteria proximal,Territorio irrigado,Ramas colaterales"
"Angular artery.r","arteries","Arteria que transporta sangre oxigenada a territorio específico.","Distribuye sangre oxigenada desde corazón a tejidos.","Trayecto anatómico correspondiente.","Arteria proximal,Territorio irrigado,Ramas colaterales"
"Inferior labial artery.r","arteries","Arteria que transporta sangre oxigenada a territorio específico.","Distribuye sangre oxigenada desde corazón a tejidos.","Trayecto anatómico correspondiente.","Arteria proximal,Territorio irrigado,Ramas colaterales"
"Submental artery.r","arteries","Arteria que transporta sangre oxigenada a territorio específico.","Distribuye sangre oxigenada desde corazón a tejidos.","Trayecto anatómico correspondiente.","Arteria proximal,Territorio irrigado,Ramas colaterales"
"Superior labial artery.r","arteries","Arteria que transporta sangre oxigenada a territorio específico.","Distribuye sangre oxigenada desde corazón a tejidos.","Trayecto anatómico correspondiente.","Arteria proximal,Territorio irrigado,Ramas colaterales"
"Maxillary artery.r","arteries","Arteria de miembro que irriga músculos y piel.","Suministra sangre oxigenada a territorio del miembro.","Trayecto anatómico en miembro correspondiente.","Arteria proximal,Músculos,Arterias distales"
"Anterior deep temporal artery.r","arteries","Arteria que transporta sangre oxigenada a territorio específico.","Distribuye sangre oxigenada desde corazón a tejidos.","Trayecto anatómico correspondiente.","Arteria proximal,Territorio irrigado,Ramas colaterales"
"Artery of pterygoid canal.r","arteries","Arteria que transporta sangre oxigenada a territorio específico.","Distribuye sangre oxigenada desde corazón a tejidos.","Trayecto anatómico correspondiente.","Arteria proximal,Territorio irrigado,Ramas colaterales"
"Buccal artery.r","arteries","Arteria que transporta sangre oxigenada a territorio específico.","Distribuye sangre oxigenada desde corazón a tejidos.","Trayecto anatómico correspondiente.","Arteria proximal,Territorio irrigado,Ramas colaterales"
"Descending palatine artery.r","arteries","Arteria que transporta sangre oxigenada a territorio específico.","Distribuye sangre oxigenada desde corazón a tejidos.","Trayecto anatómico correspondiente.","Arteria proximal,Territorio irrigado,Ramas colaterales"
"Greater palatine artery.r","arteries","Arteria que transporta sangre oxigenada a territorio específico.","Distribuye sangre oxigenada desde corazón a tejidos.","Trayecto anatómico correspondiente.","Arteria proximal,Territorio irrigado,Ramas colaterales"
"Inferior alveolar artery.r","arteries","Arteria que transporta sangre oxigenada a territorio específico.","Distribuye sangre oxigenada desde corazón a tejidos.","Trayecto anatómico correspondiente.","Arteria proximal,Territorio irrigado,Ramas colaterales"
"Mental branch of inferior alveolar artery.r","arteries","Arteria que transporta sangre oxigenada a territorio específico.","Distribuye sangre oxigenada desde corazón a tejidos.","Trayecto anatómico correspondiente.","Arteria proximal,Territorio irrigado,Ramas colaterales"
"Mylohyoid branch of inferior alveolar artery.r","arteries","Arteria que transporta sangre oxigenada a territorio específico.","Distribuye sangre oxigenada desde corazón a tejidos.","Trayecto anatómico correspondiente.","Arteria proximal,Territorio irrigado,Ramas colaterales"
"Infra-orbital artery.r","arteries","Arteria que transporta sangre oxigenada a territorio específico.","Distribuye sangre oxigenada desde corazón a tejidos.","Trayecto anatómico correspondiente.","Arteria proximal,Territorio irrigado,Ramas colaterales"
"Middle meningeal artery.r","arteries","Arteria que transporta sangre oxigenada a territorio específico.","Distribuye sangre oxigenada desde corazón a tejidos.","Trayecto anatómico correspondiente.","Arteria proximal,Territorio irrigado,Ramas colaterales"
"Accessory branch of middle meningeal artery.r","arteries","Arteria que transporta sangre oxigenada a territorio específico.","Distribuye sangre oxigenada desde corazón a tejidos.","Trayecto anatómico correspondiente.","Arteria proximal,Territorio irrigado,Ramas colaterales"
"Posterior deep temporal artery.r","arteries","Arteria que transporta sangre oxigenada a territorio específico.","Distribuye sangre oxigenada desde corazón a tejidos.","Trayecto anatómico correspondiente.","Arteria proximal,Territorio irrigado,Ramas colaterales"
"Posterior lateral nasal branches of sphenopalatine artery..r","arteries","Arteria que transporta sangre oxigenada a territorio específico.","Distribuye sangre oxigenada desde corazón a tejidos.","Trayecto anatómico correspondiente.","Arteria proximal,Territorio irrigado,Ramas colaterales"
"Posterior septal branches of sphenopalatine artery.r","arteries","Arteria que transporta sangre oxigenada a territorio específico.","Distribuye sangre oxigenada desde corazón a tejidos.","Trayecto anatómico correspondiente.","Arteria proximal,Territorio irrigado,Ramas colaterales"
"Posterior superior alveolar artery.r","arteries","Arteria que transporta sangre oxigenada a territorio específico.","Distribuye sangre oxigenada desde corazón a tejidos.","Trayecto anatómico correspondiente.","Arteria proximal,Territorio irrigado,Ramas colaterales"
"Occipital artery.r","arteries","Arteria que transporta sangre oxigenada a territorio específico.","Distribuye sangre oxigenada desde corazón a tejidos.","Trayecto anatómico correspondiente.","Arteria proximal,Territorio irrigado,Ramas colaterales"
"Superficial temporal artery.r","arteries","Arteria que transporta sangre oxigenada a territorio específico.","Distribuye sangre oxigenada desde corazón a tejidos.","Trayecto anatómico correspondiente.","Arteria proximal,Territorio irrigado,Ramas colaterales"
"Frontal branch of superficial temporal artery.r","arteries","Arteria que transporta sangre oxigenada a territorio específico.","Distribuye sangre oxigenada desde corazón a tejidos.","Trayecto anatómico correspondiente.","Arteria proximal,Territorio irrigado,Ramas colaterales"
"Transverse facial artery.r","arteries","Arteria que transporta sangre oxigenada a territorio específico.","Distribuye sangre oxigenada desde corazón a tejidos.","Trayecto anatómico correspondiente.","Arteria proximal,Territorio irrigado,Ramas colaterales"
"Internal carotid artery.r","arteries","Arteria que irriga encéfalo y meninges.","Suministra sangre oxigenada a territorio cerebral específico.","Base del cráneo, polígono de Willis.","Polígono de Willis,Encéfalo,Arterias carótidas/vertebrales"
"Anterior cerebral artery.l","arteries","Arteria que irriga encéfalo y meninges.","Suministra sangre oxigenada a territorio cerebral específico.","Base del cráneo, polígono de Willis.","Polígono de Willis,Encéfalo,Arterias carótidas/vertebrales"
"Callosomarginal artery.l","arteries","Arteria que transporta sangre oxigenada a territorio específico.","Distribuye sangre oxigenada desde corazón a tejidos.","Trayecto anatómico correspondiente.","Arteria proximal,Territorio irrigado,Ramas colaterales"
"Frontal branches of callosomarginal artery.l","arteries","Arteria que transporta sangre oxigenada a territorio específico.","Distribuye sangre oxigenada desde corazón a tejidos.","Trayecto anatómico correspondiente.","Arteria proximal,Territorio irrigado,Ramas colaterales"
"Orbitofrontal branches of anterior cerebral artery.l","arteries","Arteria que irriga encéfalo y meninges.","Suministra sangre oxigenada a territorio cerebral específico.","Base del cráneo, polígono de Willis.","Polígono de Willis,Encéfalo,Arterias carótidas/vertebrales"
"Pericallosal artery.l","arteries","Arteria que transporta sangre oxigenada a territorio específico.","Distribuye sangre oxigenada desde corazón a tejidos.","Trayecto anatómico correspondiente.","Arteria proximal,Territorio irrigado,Ramas colaterales"
"Anterior cerebral artery.r","arteries","Arteria que irriga encéfalo y meninges.","Suministra sangre oxigenada a territorio cerebral específico.","Base del cráneo, polígono de Willis.","Polígono de Willis,Encéfalo,Arterias carótidas/vertebrales"
"Callosomarginal artery.r","arteries","Arteria que transporta sangre oxigenada a territorio específico.","Distribuye sangre oxigenada desde corazón a tejidos.","Trayecto anatómico correspondiente.","Arteria proximal,Territorio irrigado,Ramas colaterales"
"Frontal branches of callosomarginal artery.r","arteries","Arteria que transporta sangre oxigenada a territorio específico.","Distribuye sangre oxigenada desde corazón a tejidos.","Trayecto anatómico correspondiente.","Arteria proximal,Territorio irrigado,Ramas colaterales"
"Orbitofrontal branches of anterior cerebral artery.r","arteries","Arteria que irriga encéfalo y meninges.","Suministra sangre oxigenada a territorio cerebral específico.","Base del cráneo, polígono de Willis.","Polígono de Willis,Encéfalo,Arterias carótidas/vertebrales"
"Pericallosal artery.r","arteries","Arteria que transporta sangre oxigenada a territorio específico.","Distribuye sangre oxigenada desde corazón a tejidos.","Trayecto anatómico correspondiente.","Arteria proximal,Territorio irrigado,Ramas colaterales"
"Middle cerebral artery (M1-segment).r","arteries","Arteria que irriga encéfalo y meninges.","Suministra sangre oxigenada a territorio cerebral específico.","Base del cráneo, polígono de Willis.","Polígono de Willis,Encéfalo,Arterias carótidas/vertebrales"
"Distal lateral striate branches.r","arteries","Arteria que irriga encéfalo y meninges.","Suministra sangre oxigenada a territorio cerebral específico.","Base del cráneo, polígono de Willis.","Polígono de Willis,Encéfalo,Arterias carótidas/vertebrales"
"Insular branches of middle cerebral artery (M2).r","arteries","Arteria que irriga encéfalo y meninges.","Suministra sangre oxigenada a territorio cerebral específico.","Base del cráneo, polígono de Willis.","Polígono de Willis,Encéfalo,Arterias carótidas/vertebrales"
"Anterior temporal branch.r","arteries","Arteria que transporta sangre oxigenada a territorio específico.","Distribuye sangre oxigenada desde corazón a tejidos.","Trayecto anatómico correspondiente.","Arteria proximal,Territorio irrigado,Ramas colaterales"
"Artery of precentral sulcus.r","arteries","Arteria que irriga encéfalo y meninges.","Suministra sangre oxigenada a territorio cerebral específico.","Base del cráneo, polígono de Willis.","Polígono de Willis,Encéfalo,Arterias carótidas/vertebrales"
"Middle cerebral artery (M3-segment).r","arteries","Arteria que irriga encéfalo y meninges.","Suministra sangre oxigenada a territorio cerebral específico.","Base del cráneo, polígono de Willis.","Polígono de Willis,Encéfalo,Arterias carótidas/vertebrales"
"Artery of central sulcus.r","arteries","Arteria que irriga encéfalo y meninges.","Suministra sangre oxigenada a territorio cerebral específico.","Base del cráneo, polígono de Willis.","Polígono de Willis,Encéfalo,Arterias carótidas/vertebrales"
"Parietal branches of middle cerebral artery.r","arteries","Arteria que irriga encéfalo y meninges.","Suministra sangre oxigenada a territorio cerebral específico.","Base del cráneo, polígono de Willis.","Polígono de Willis,Encéfalo,Arterias carótidas/vertebrales"
"Postcentral arterial branch.r","arteries","Arteria que irriga encéfalo y meninges.","Suministra sangre oxigenada a territorio cerebral específico.","Base del cráneo, polígono de Willis.","Polígono de Willis,Encéfalo,Arterias carótidas/vertebrales"
"Posterior parietal artery.r","arteries","Arteria que transporta sangre oxigenada a territorio específico.","Distribuye sangre oxigenada desde corazón a tejidos.","Trayecto anatómico correspondiente.","Arteria proximal,Territorio irrigado,Ramas colaterales"
"Posterior temporal branch.r","arteries","Arteria que transporta sangre oxigenada a territorio específico.","Distribuye sangre oxigenada desde corazón a tejidos.","Trayecto anatómico correspondiente.","Arteria proximal,Territorio irrigado,Ramas colaterales"
"Temporal branches of middle cerebral artery.r","arteries","Arteria que irriga encéfalo y meninges.","Suministra sangre oxigenada a territorio cerebral específico.","Base del cráneo, polígono de Willis.","Polígono de Willis,Encéfalo,Arterias carótidas/vertebrales"
"Temporo-occipital branch.r","arteries","Arteria que transporta sangre oxigenada a territorio específico.","Distribuye sangre oxigenada desde corazón a tejidos.","Trayecto anatómico correspondiente.","Arteria proximal,Territorio irrigado,Ramas colaterales"
"Branch to angular gyrus.r","arteries","Arteria que transporta sangre oxigenada a territorio específico.","Distribuye sangre oxigenada desde corazón a tejidos.","Trayecto anatómico correspondiente.","Arteria proximal,Territorio irrigado,Ramas colaterales"
"Prefrontal artery.r","arteries","Arteria que transporta sangre oxigenada a territorio específico.","Distribuye sangre oxigenada desde corazón a tejidos.","Trayecto anatómico correspondiente.","Arteria proximal,Territorio irrigado,Ramas colaterales"
"Lateral frontobasal artery.r","arteries","Arteria que transporta sangre oxigenada a territorio específico.","Distribuye sangre oxigenada desde corazón a tejidos.","Trayecto anatómico correspondiente.","Arteria proximal,Territorio irrigado,Ramas colaterales"
"Proximal lateral striate branches.r","arteries","Arteria que irriga encéfalo y meninges.","Suministra sangre oxigenada a territorio cerebral específico.","Base del cráneo, polígono de Willis.","Polígono de Willis,Encéfalo,Arterias carótidas/vertebrales"
"Ophthalmic artery.r","arteries","Arteria que irriga encéfalo y meninges.","Suministra sangre oxigenada a territorio cerebral específico.","Base del cráneo, polígono de Willis.","Polígono de Willis,Encéfalo,Arterias carótidas/vertebrales"
"Anterior ethmoidal artery.r","arteries","Arteria que transporta sangre oxigenada a territorio específico.","Distribuye sangre oxigenada desde corazón a tejidos.","Trayecto anatómico correspondiente.","Arteria proximal,Territorio irrigado,Ramas colaterales"
"Anterior septal branches of anterior ethmoidal artery.r","arteries","Arteria que transporta sangre oxigenada a territorio específico.","Distribuye sangre oxigenada desde corazón a tejidos.","Trayecto anatómico correspondiente.","Arteria proximal,Territorio irrigado,Ramas colaterales"
"Central retinal artery.r","arteries","Arteria que irriga encéfalo y meninges.","Suministra sangre oxigenada a territorio cerebral específico.","Base del cráneo, polígono de Willis.","Polígono de Willis,Encéfalo,Arterias carótidas/vertebrales"
"Lacrimal artery.r","arteries","Arteria que transporta sangre oxigenada a territorio específico.","Distribuye sangre oxigenada desde corazón a tejidos.","Trayecto anatómico correspondiente.","Arteria proximal,Territorio irrigado,Ramas colaterales"
"Long posterior ciliary arteries.r","arteries","Arteria que transporta sangre oxigenada a territorio específico.","Distribuye sangre oxigenada desde corazón a tejidos.","Trayecto anatómico correspondiente.","Arteria proximal,Territorio irrigado,Ramas colaterales"
"Posterior ethmoidal artery.r","arteries","Arteria que transporta sangre oxigenada a territorio específico.","Distribuye sangre oxigenada desde corazón a tejidos.","Trayecto anatómico correspondiente.","Arteria proximal,Territorio irrigado,Ramas colaterales"
"Septal branches of posterior ethmoidal artery.r","arteries","Arteria que transporta sangre oxigenada a territorio específico.","Distribuye sangre oxigenada desde corazón a tejidos.","Trayecto anatómico correspondiente.","Arteria proximal,Territorio irrigado,Ramas colaterales"
"Short posterior ciliary arteries.r","arteries","Arteria que transporta sangre oxigenada a territorio específico.","Distribuye sangre oxigenada desde corazón a tejidos.","Trayecto anatómico correspondiente.","Arteria proximal,Territorio irrigado,Ramas colaterales"
"Supra-orbital artery.r","arteries","Arteria que transporta sangre oxigenada a territorio específico.","Distribuye sangre oxigenada desde corazón a tejidos.","Trayecto anatómico correspondiente.","Arteria proximal,Territorio irrigado,Ramas colaterales"
"Supratrochlear artery.r","arteries","Arteria que transporta sangre oxigenada a territorio específico.","Distribuye sangre oxigenada desde corazón a tejidos.","Trayecto anatómico correspondiente.","Arteria proximal,Territorio irrigado,Ramas colaterales"
"Right subclavian artery","arteries","Arteria de miembro que irriga músculos y piel.","Suministra sangre oxigenada a territorio del miembro.","Trayecto anatómico en miembro correspondiente.","Arteria proximal,Músculos,Arterias distales"
"Axillary artery.r","arteries","Arteria de miembro que irriga músculos y piel.","Suministra sangre oxigenada a territorio del miembro.","Trayecto anatómico en miembro correspondiente.","Arteria proximal,Músculos,Arterias distales"
"Anterior circumflex humeral artery.r","arteries","Arteria de miembro que irriga músculos y piel.","Suministra sangre oxigenada a territorio del miembro.","Trayecto anatómico en miembro correspondiente.","Arteria proximal,Músculos,Arterias distales"
"Brachial artery.r","arteries","Arteria de miembro que irriga músculos y piel.","Suministra sangre oxigenada a territorio del miembro.","Trayecto anatómico en miembro correspondiente.","Arteria proximal,Músculos,Arterias distales"
"Deep brachial artery.r","arteries","Arteria de miembro que irriga músculos y piel.","Suministra sangre oxigenada a territorio del miembro.","Trayecto anatómico en miembro correspondiente.","Arteria proximal,Músculos,Arterias distales"
"Middle collateral artery.r","arteries","Arteria que transporta sangre oxigenada a territorio específico.","Distribuye sangre oxigenada desde corazón a tejidos.","Trayecto anatómico correspondiente.","Arteria proximal,Territorio irrigado,Ramas colaterales"
"Radial collateral artery.r","arteries","Arteria de miembro que irriga músculos y piel.","Suministra sangre oxigenada a territorio del miembro.","Trayecto anatómico en miembro correspondiente.","Arteria proximal,Músculos,Arterias distales"
"Inferior ulnar collateral artery.r","arteries","Arteria de miembro que irriga músculos y piel.","Suministra sangre oxigenada a territorio del miembro.","Trayecto anatómico en miembro correspondiente.","Arteria proximal,Músculos,Arterias distales"
"Radial artery.r","arteries","Arteria de miembro que irriga músculos y piel.","Suministra sangre oxigenada a territorio del miembro.","Trayecto anatómico en miembro correspondiente.","Arteria proximal,Músculos,Arterias distales"
"Deep palmar arch.r","arteries","Arteria de miembro que irriga músculos y piel.","Suministra sangre oxigenada a territorio del miembro.","Trayecto anatómico en miembro correspondiente.","Arteria proximal,Músculos,Arterias distales"
"Palmar metacarpal arteries.r","arteries","Arteria de miembro que irriga músculos y piel.","Suministra sangre oxigenada a territorio del miembro.","Trayecto anatómico en miembro correspondiente.","Arteria proximal,Músculos,Arterias distales"
"Dorsal carpal anastomosis.r","arteries","Arteria que transporta sangre oxigenada a territorio específico.","Distribuye sangre oxigenada desde corazón a tejidos.","Trayecto anatómico correspondiente.","Arteria proximal,Territorio irrigado,Ramas colaterales"
"Dorsal metacarpal arteries.r","arteries","Arteria que transporta sangre oxigenada a territorio específico.","Distribuye sangre oxigenada desde corazón a tejidos.","Trayecto anatómico correspondiente.","Arteria proximal,Territorio irrigado,Ramas colaterales"
"Dorsal digital arteries of hand.r","arteries","Arteria de miembro que irriga músculos y piel.","Suministra sangre oxigenada a territorio del miembro.","Trayecto anatómico en miembro correspondiente.","Arteria proximal,Músculos,Arterias distales"
"Palmar carpal branch of radial artery.r","arteries","Arteria de miembro que irriga músculos y piel.","Suministra sangre oxigenada a territorio del miembro.","Trayecto anatómico en miembro correspondiente.","Arteria proximal,Músculos,Arterias distales"
"Superior ulnar collateral artery.r","arteries","Arteria de miembro que irriga músculos y piel.","Suministra sangre oxigenada a territorio del miembro.","Trayecto anatómico en miembro correspondiente.","Arteria proximal,Músculos,Arterias distales"
"Ulnar artery.r","arteries","Arteria de miembro que irriga músculos y piel.","Suministra sangre oxigenada a territorio del miembro.","Trayecto anatómico en miembro correspondiente.","Arteria proximal,Músculos,Arterias distales"
"(Ulnar recurrent artery).r","arteries","Arteria de miembro que irriga músculos y piel.","Suministra sangre oxigenada a territorio del miembro.","Trayecto anatómico en miembro correspondiente.","Arteria proximal,Músculos,Arterias distales"
"Common interosseous artery.r","arteries","Arteria de miembro que irriga músculos y piel.","Suministra sangre oxigenada a territorio del miembro.","Trayecto anatómico en miembro correspondiente.","Arteria proximal,Músculos,Arterias distales"
"Posterior interosseous artery.r","arteries","Arteria de miembro que irriga músculos y piel.","Suministra sangre oxigenada a territorio del miembro.","Trayecto anatómico en miembro correspondiente.","Arteria proximal,Músculos,Arterias distales"
"Recurrent interosseous artery.r","arteries","Arteria de miembro que irriga músculos y piel.","Suministra sangre oxigenada a territorio del miembro.","Trayecto anatómico en miembro correspondiente.","Arteria proximal,Músculos,Arterias distales"
"Dorsal carpal branch of ulnar artery.r","arteries","Arteria de miembro que irriga músculos y piel.","Suministra sangre oxigenada a territorio del miembro.","Trayecto anatómico en miembro correspondiente.","Arteria proximal,Músculos,Arterias distales"
"Superficial palmar arch.r","arteries","Arteria de miembro que irriga músculos y piel.","Suministra sangre oxigenada a territorio del miembro.","Trayecto anatómico en miembro correspondiente.","Arteria proximal,Músculos,Arterias distales"
"Common palmar digital arteries.r","arteries","Arteria de miembro que irriga músculos y piel.","Suministra sangre oxigenada a territorio del miembro.","Trayecto anatómico en miembro correspondiente.","Arteria proximal,Músculos,Arterias distales"
"Proper palmar digital arteries.r","arteries","Arteria de miembro que irriga músculos y piel.","Suministra sangre oxigenada a territorio del miembro.","Trayecto anatómico en miembro correspondiente.","Arteria proximal,Músculos,Arterias distales"
"Lateral thoracic artery.r","arteries","Arteria que transporta sangre oxigenada a territorio específico.","Distribuye sangre oxigenada desde corazón a tejidos.","Trayecto anatómico correspondiente.","Arteria proximal,Territorio irrigado,Ramas colaterales"
"Posterior circumflex humeral artery.r","arteries","Arteria de miembro que irriga músculos y piel.","Suministra sangre oxigenada a territorio del miembro.","Trayecto anatómico en miembro correspondiente.","Arteria proximal,Músculos,Arterias distales"
"Subscapular artery.r","arteries","Arteria que transporta sangre oxigenada a territorio específico.","Distribuye sangre oxigenada desde corazón a tejidos.","Trayecto anatómico correspondiente.","Arteria proximal,Territorio irrigado,Ramas colaterales"
"Circumflex scapular artery.r","arteries","Arteria de miembro que irriga músculos y piel.","Suministra sangre oxigenada a territorio del miembro.","Trayecto anatómico en miembro correspondiente.","Arteria proximal,Músculos,Arterias distales"
"Thoracodorsal artery.r","arteries","Arteria que transporta sangre oxigenada a territorio específico.","Distribuye sangre oxigenada desde corazón a tejidos.","Trayecto anatómico correspondiente.","Arteria proximal,Territorio irrigado,Ramas colaterales"
"Thoraco-acromial artery.r","arteries","Arteria que transporta sangre oxigenada a territorio específico.","Distribuye sangre oxigenada desde corazón a tejidos.","Trayecto anatómico correspondiente.","Arteria proximal,Territorio irrigado,Ramas colaterales"
"Pectoral branches of thoraco-acromial artery.r","arteries","Arteria que transporta sangre oxigenada a territorio específico.","Distribuye sangre oxigenada desde corazón a tejidos.","Trayecto anatómico correspondiente.","Arteria proximal,Territorio irrigado,Ramas colaterales"
"Costocervical trunk.r","arteries","Arteria que transporta sangre oxigenada a territorio específico.","Distribuye sangre oxigenada desde corazón a tejidos.","Trayecto anatómico correspondiente.","Arteria proximal,Territorio irrigado,Ramas colaterales"
"Deep cervical artery.r","arteries","Arteria que transporta sangre oxigenada a territorio específico.","Distribuye sangre oxigenada desde corazón a tejidos.","Trayecto anatómico correspondiente.","Arteria proximal,Territorio irrigado,Ramas colaterales"
"Supreme intercostal artery.r","arteries","Arteria que transporta sangre oxigenada a territorio específico.","Distribuye sangre oxigenada desde corazón a tejidos.","Trayecto anatómico correspondiente.","Arteria proximal,Territorio irrigado,Ramas colaterales"
"First posterior intercostal artery.r","arteries","Arteria que transporta sangre oxigenada a territorio específico.","Distribuye sangre oxigenada desde corazón a tejidos.","Trayecto anatómico correspondiente.","Arteria proximal,Territorio irrigado,Ramas colaterales"
"Second posterior intercostal artery.r","arteries","Arteria que transporta sangre oxigenada a territorio específico.","Distribuye sangre oxigenada desde corazón a tejidos.","Trayecto anatómico correspondiente.","Arteria proximal,Territorio irrigado,Ramas colaterales"
"Internal thoracic artery.r","arteries","Arteria que transporta sangre oxigenada a territorio específico.","Distribuye sangre oxigenada desde corazón a tejidos.","Trayecto anatómico correspondiente.","Arteria proximal,Territorio irrigado,Ramas colaterales"
"Musculophrenic artery.r","arteries","Arteria que transporta sangre oxigenada a territorio específico.","Distribuye sangre oxigenada desde corazón a tejidos.","Trayecto anatómico correspondiente.","Arteria proximal,Territorio irrigado,Ramas colaterales"
"Superior epigastric artery.r","arteries","Arteria de miembro que irriga músculos y piel.","Suministra sangre oxigenada a territorio del miembro.","Trayecto anatómico en miembro correspondiente.","Arteria proximal,Músculos,Arterias distales"
"Thyrocervical trunk.r","arteries","Arteria que transporta sangre oxigenada a territorio específico.","Distribuye sangre oxigenada desde corazón a tejidos.","Trayecto anatómico correspondiente.","Arteria proximal,Territorio irrigado,Ramas colaterales"
"Inferior thyroid artery.r","arteries","Arteria que transporta sangre oxigenada a territorio específico.","Distribuye sangre oxigenada desde corazón a tejidos.","Trayecto anatómico correspondiente.","Arteria proximal,Territorio irrigado,Ramas colaterales"
"Suprascapular artery.r","arteries","Arteria que transporta sangre oxigenada a territorio específico.","Distribuye sangre oxigenada desde corazón a tejidos.","Trayecto anatómico correspondiente.","Arteria proximal,Territorio irrigado,Ramas colaterales"
"Transverse cervical artery.r","arteries","Arteria que transporta sangre oxigenada a territorio específico.","Distribuye sangre oxigenada desde corazón a tejidos.","Trayecto anatómico correspondiente.","Arteria proximal,Territorio irrigado,Ramas colaterales"
"(Deep branch of transverse cervical artery).r","arteries","Arteria que transporta sangre oxigenada a territorio específico.","Distribuye sangre oxigenada desde corazón a tejidos.","Trayecto anatómico correspondiente.","Arteria proximal,Territorio irrigado,Ramas colaterales"
"(Superficial branch of transverse cervical artery).r","arteries","Arteria que transporta sangre oxigenada a territorio específico.","Distribuye sangre oxigenada desde corazón a tejidos.","Trayecto anatómico correspondiente.","Arteria proximal,Territorio irrigado,Ramas colaterales"
"Vertebral artery.r","arteries","Arteria que irriga encéfalo y meninges.","Suministra sangre oxigenada a territorio cerebral específico.","Base del cráneo, polígono de Willis.","Polígono de Willis,Encéfalo,Arterias carótidas/vertebrales"
"Basilar artery","arteries","Arteria que irriga encéfalo y meninges.","Suministra sangre oxigenada a territorio cerebral específico.","Base del cráneo, polígono de Willis.","Polígono de Willis,Encéfalo,Arterias carótidas/vertebrales"
"Anterior inferior cerebellar artery.l","arteries","Arteria que irriga encéfalo y meninges.","Suministra sangre oxigenada a territorio cerebral específico.","Base del cráneo, polígono de Willis.","Polígono de Willis,Encéfalo,Arterias carótidas/vertebrales"
"Anterior inferior cerebellar artery.r","arteries","Arteria que irriga encéfalo y meninges.","Suministra sangre oxigenada a territorio cerebral específico.","Base del cráneo, polígono de Willis.","Polígono de Willis,Encéfalo,Arterias carótidas/vertebrales"
"Lateral pontine branches of basilar artery.l","arteries","Arteria que irriga encéfalo y meninges.","Suministra sangre oxigenada a territorio cerebral específico.","Base del cráneo, polígono de Willis.","Polígono de Willis,Encéfalo,Arterias carótidas/vertebrales"
"Lateral pontine branches of basilar artery.r","arteries","Arteria que irriga encéfalo y meninges.","Suministra sangre oxigenada a territorio cerebral específico.","Base del cráneo, polígono de Willis.","Polígono de Willis,Encéfalo,Arterias carótidas/vertebrales"
"Medial pontine branches of basilar artery.l","arteries","Arteria que irriga encéfalo y meninges.","Suministra sangre oxigenada a territorio cerebral específico.","Base del cráneo, polígono de Willis.","Polígono de Willis,Encéfalo,Arterias carótidas/vertebrales"
"Medial pontine branches of basilar artery.r","arteries","Arteria que irriga encéfalo y meninges.","Suministra sangre oxigenada a territorio cerebral específico.","Base del cráneo, polígono de Willis.","Polígono de Willis,Encéfalo,Arterias carótidas/vertebrales"
"Posterior cerebral artery.l","arteries","Arteria que irriga encéfalo y meninges.","Suministra sangre oxigenada a territorio cerebral específico.","Base del cráneo, polígono de Willis.","Polígono de Willis,Encéfalo,Arterias carótidas/vertebrales"
"Lateral occipital artery.l","arteries","Arteria que transporta sangre oxigenada a territorio específico.","Distribuye sangre oxigenada desde corazón a tejidos.","Trayecto anatómico correspondiente.","Arteria proximal,Territorio irrigado,Ramas colaterales"
"Medial occipital artery.l","arteries","Arteria que transporta sangre oxigenada a territorio específico.","Distribuye sangre oxigenada desde corazón a tejidos.","Trayecto anatómico correspondiente.","Arteria proximal,Territorio irrigado,Ramas colaterales"
"Parieto-occipital artery.l","arteries","Arteria que transporta sangre oxigenada a territorio específico.","Distribuye sangre oxigenada desde corazón a tejidos.","Trayecto anatómico correspondiente.","Arteria proximal,Territorio irrigado,Ramas colaterales"
"Posterior cerebral artery.r","arteries","Arteria que irriga encéfalo y meninges.","Suministra sangre oxigenada a territorio cerebral específico.","Base del cráneo, polígono de Willis.","Polígono de Willis,Encéfalo,Arterias carótidas/vertebrales"
"Medial occipital artery.r","arteries","Arteria que transporta sangre oxigenada a territorio específico.","Distribuye sangre oxigenada desde corazón a tejidos.","Trayecto anatómico correspondiente.","Arteria proximal,Territorio irrigado,Ramas colaterales"
"Lateral occipital artery.r","arteries","Arteria que transporta sangre oxigenada a territorio específico.","Distribuye sangre oxigenada desde corazón a tejidos.","Trayecto anatómico correspondiente.","Arteria proximal,Territorio irrigado,Ramas colaterales"
"Parieto-occipital artery.r","arteries","Arteria que transporta sangre oxigenada a territorio específico.","Distribuye sangre oxigenada desde corazón a tejidos.","Trayecto anatómico correspondiente.","Arteria proximal,Territorio irrigado,Ramas colaterales"
"Superior cerebellar artery.l","arteries","Arteria que irriga encéfalo y meninges.","Suministra sangre oxigenada a territorio cerebral específico.","Base del cráneo, polígono de Willis.","Polígono de Willis,Encéfalo,Arterias carótidas/vertebrales"
"Superior cerebellar artery.r","arteries","Arteria que irriga encéfalo y meninges.","Suministra sangre oxigenada a territorio cerebral específico.","Base del cráneo, polígono de Willis.","Polígono de Willis,Encéfalo,Arterias carótidas/vertebrales"
"Posterior inferior cerebellar artery.r","arteries","Arteria que irriga encéfalo y meninges.","Suministra sangre oxigenada a territorio cerebral específico.","Base del cráneo, polígono de Willis.","Polígono de Willis,Encéfalo,Arterias carótidas/vertebrales"
"Coronary sinus","arteries","Arteria coronaria que irriga el músculo cardíaco.","Suministra sangre oxigenada al miocardio.","Superficie del corazón, origen en aorta ascendente.","Aorta,Miocardio,Venas cardíacas"
"Great cardiac vein","veins","Vena que retorna sangre desoxigenada al corazón.","Drenaje venoso de territorio específico.","Trayecto anatómico correspondiente.","Vena proximal,Territorio drenado,Venas tributarias"
"Inferior vein of left ventricle","veins","Vena que retorna sangre desoxigenada al corazón.","Drenaje venoso de territorio específico.","Trayecto anatómico correspondiente.","Vena proximal,Territorio drenado,Venas tributarias"
"Inferior vein of left ventricle (//Posterior '')","heart","Estructura anatómica del corazón.","Participa en la función de bombeo cardíaco.","Región cardíaca correspondiente.","Cámaras cardíacas,Válvulas,Tabiques"
"Middle cardiac vein","heart","Estructura anatómica del corazón.","Participa en la función de bombeo cardíaco.","Región cardíaca correspondiente.","Cámaras cardíacas,Válvulas,Tabiques"
"Inferior basal vein of left lung","veins","Vena que retorna sangre desoxigenada al corazón.","Drenaje venoso de territorio específico.","Trayecto anatómico correspondiente.","Vena proximal,Territorio drenado,Venas tributarias"
"Superior basal vein of left lung","veins","Vena que retorna sangre desoxigenada al corazón.","Drenaje venoso de territorio específico.","Trayecto anatómico correspondiente.","Vena proximal,Territorio drenado,Venas tributarias"
"Superior vein of left lung","veins","Vena que retorna sangre desoxigenada al corazón.","Drenaje venoso de territorio específico.","Trayecto anatómico correspondiente.","Vena proximal,Territorio drenado,Venas tributarias"
"Anterior vein of left lung","veins","Vena que retorna sangre desoxigenada al corazón.","Drenaje venoso de territorio específico.","Trayecto anatómico correspondiente.","Vena proximal,Territorio drenado,Venas tributarias"
"Apicoposterior vein of left lung","veins","Vena que retorna sangre desoxigenada al corazón.","Drenaje venoso de territorio específico.","Trayecto anatómico correspondiente.","Vena proximal,Territorio drenado,Venas tributarias"
"Lingular vein of left lung","veins","Vena que retorna sangre desoxigenada al corazón.","Drenaje venoso de territorio específico.","Trayecto anatómico correspondiente.","Vena proximal,Territorio drenado,Venas tributarias"
"Inferior lingular vein of left lung","veins","Vena que retorna sangre desoxigenada al corazón.","Drenaje venoso de territorio específico.","Trayecto anatómico correspondiente.","Vena proximal,Territorio drenado,Venas tributarias"
"Superior lingular vein of left lung","veins","Vena que retorna sangre desoxigenada al corazón.","Drenaje venoso de territorio específico.","Trayecto anatómico correspondiente.","Vena proximal,Territorio drenado,Venas tributarias"
"Inferior basal vein of right lung","veins","Vena que retorna sangre desoxigenada al corazón.","Drenaje venoso de territorio específico.","Trayecto anatómico correspondiente.","Vena proximal,Territorio drenado,Venas tributarias"
"Superior basal vein of right lung","veins","Vena que retorna sangre desoxigenada al corazón.","Drenaje venoso de territorio específico.","Trayecto anatómico correspondiente.","Vena proximal,Territorio drenado,Venas tributarias"
"Superior vein of right lung","veins","Vena que retorna sangre desoxigenada al corazón.","Drenaje venoso de territorio específico.","Trayecto anatómico correspondiente.","Vena proximal,Territorio drenado,Venas tributarias"
"Anterior vein of right lung","veins","Vena que retorna sangre desoxigenada al corazón.","Drenaje venoso de territorio específico.","Trayecto anatómico correspondiente.","Vena proximal,Territorio drenado,Venas tributarias"
"Apical vein of right lung","veins","Vena que retorna sangre desoxigenada al corazón.","Drenaje venoso de territorio específico.","Trayecto anatómico correspondiente.","Vena proximal,Territorio drenado,Venas tributarias"
"Lateral vein of right lung","veins","Vena que retorna sangre desoxigenada al corazón.","Drenaje venoso de territorio específico.","Trayecto anatómico correspondiente.","Vena proximal,Territorio drenado,Venas tributarias"
"Medial vein of right lung","veins","Vena que retorna sangre desoxigenada al corazón.","Drenaje venoso de territorio específico.","Trayecto anatómico correspondiente.","Vena proximal,Territorio drenado,Venas tributarias"
"Posterior vein of right lung","veins","Vena que retorna sangre desoxigenada al corazón.","Drenaje venoso de territorio específico.","Trayecto anatómico correspondiente.","Vena proximal,Territorio drenado,Venas tributarias"
"Inferior petrosal sinus.l","veins","Vena o seno venoso que drena encéfalo.","Drenaje venoso cerebral hacia senos durales/yugulares.","Cavidad craneal, senos durales.","Senos durales,Venas yugulares,Encéfalo"
"Inferior petrosal sinus.r","veins","Vena o seno venoso que drena encéfalo.","Drenaje venoso cerebral hacia senos durales/yugulares.","Cavidad craneal, senos durales.","Senos durales,Venas yugulares,Encéfalo"
"Basilar venous plexus","veins","Vena que retorna sangre desoxigenada al corazón.","Drenaje venoso de territorio específico.","Trayecto anatómico correspondiente.","Vena proximal,Territorio drenado,Venas tributarias"
"Anterior intercavernous sinus","veins","Vena o seno venoso que drena encéfalo.","Drenaje venoso cerebral hacia senos durales/yugulares.","Cavidad craneal, senos durales.","Senos durales,Venas yugulares,Encéfalo"
"Posterior intercavernous sinus","veins","Vena o seno venoso que drena encéfalo.","Drenaje venoso cerebral hacia senos durales/yugulares.","Cavidad craneal, senos durales.","Senos durales,Venas yugulares,Encéfalo"
"Cavernous sinus.l","veins","Vena o seno venoso que drena encéfalo.","Drenaje venoso cerebral hacia senos durales/yugulares.","Cavidad craneal, senos durales.","Senos durales,Venas yugulares,Encéfalo"
"Cavernous sinus.r","veins","Vena o seno venoso que drena encéfalo.","Drenaje venoso cerebral hacia senos durales/yugulares.","Cavidad craneal, senos durales.","Senos durales,Venas yugulares,Encéfalo"
"Sigmoid sinus.l","veins","Vena del sistema porta hepático.","Transporta sangre nutritiva desde tracto GI a hígado.","Formación detrás de páncreas, entrada a hígado.","Venas mesentéricas,Hígado,Bazo,Páncreas"
"Transverse sinus.l","veins","Vena o seno venoso que drena encéfalo.","Drenaje venoso cerebral hacia senos durales/yugulares.","Cavidad craneal, senos durales.","Senos durales,Venas yugulares,Encéfalo"
"Superior petrosal sinus.l","veins","Vena o seno venoso que drena encéfalo.","Drenaje venoso cerebral hacia senos durales/yugulares.","Cavidad craneal, senos durales.","Senos durales,Venas yugulares,Encéfalo"
"Sigmoid sinus.r","veins","Vena del sistema porta hepático.","Transporta sangre nutritiva desde tracto GI a hígado.","Formación detrás de páncreas, entrada a hígado.","Venas mesentéricas,Hígado,Bazo,Páncreas"
"Transverse sinus.r","veins","Vena o seno venoso que drena encéfalo.","Drenaje venoso cerebral hacia senos durales/yugulares.","Cavidad craneal, senos durales.","Senos durales,Venas yugulares,Encéfalo"
"Superior petrosal sinus.r","veins","Vena o seno venoso que drena encéfalo.","Drenaje venoso cerebral hacia senos durales/yugulares.","Cavidad craneal, senos durales.","Senos durales,Venas yugulares,Encéfalo"
"Inferior sagittal sinus","veins","Vena o seno venoso que drena encéfalo.","Drenaje venoso cerebral hacia senos durales/yugulares.","Cavidad craneal, senos durales.","Senos durales,Venas yugulares,Encéfalo"
"Occipital sinus","veins","Vena o seno venoso que drena encéfalo.","Drenaje venoso cerebral hacia senos durales/yugulares.","Cavidad craneal, senos durales.","Senos durales,Venas yugulares,Encéfalo"
"Straight sinus","veins","Vena o seno venoso que drena encéfalo.","Drenaje venoso cerebral hacia senos durales/yugulares.","Cavidad craneal, senos durales.","Senos durales,Venas yugulares,Encéfalo"
"Superior sagittal sinus","veins","Vena o seno venoso que drena encéfalo.","Drenaje venoso cerebral hacia senos durales/yugulares.","Cavidad craneal, senos durales.","Senos durales,Venas yugulares,Encéfalo"
"Inferior ophthalmic vein.l","veins","Vena que retorna sangre desoxigenada al corazón.","Drenaje venoso de territorio específico.","Trayecto anatómico correspondiente.","Vena proximal,Territorio drenado,Venas tributarias"
"Inferior ophthalmic vein.r","veins","Vena que retorna sangre desoxigenada al corazón.","Drenaje venoso de territorio específico.","Trayecto anatómico correspondiente.","Vena proximal,Territorio drenado,Venas tributarias"
"Superior ophthalmic vein.l","veins","Vena que retorna sangre desoxigenada al corazón.","Drenaje venoso de territorio específico.","Trayecto anatómico correspondiente.","Vena proximal,Territorio drenado,Venas tributarias"
"Superior ophthalmic vein.r","veins","Vena que retorna sangre desoxigenada al corazón.","Drenaje venoso de territorio específico.","Trayecto anatómico correspondiente.","Vena proximal,Territorio drenado,Venas tributarias"
"Femoral vein.l","veins","Vena de miembro que retorna sangre desoxigenada.","Drenaje venoso de miembro correspondiente.","Sistema superficial/profundo de miembro.","Venas superficiales,Venas profundas,Arterias acompañantes"
"Deep femoral vein.l","veins","Vena de miembro que retorna sangre desoxigenada.","Drenaje venoso de miembro correspondiente.","Sistema superficial/profundo de miembro.","Venas superficiales,Venas profundas,Arterias acompañantes"
"Perforating veins.l","veins","Vena que retorna sangre desoxigenada al corazón.","Drenaje venoso de territorio específico.","Trayecto anatómico correspondiente.","Vena proximal,Territorio drenado,Venas tributarias"
"Great saphenous vein.l","veins","Vena de miembro que retorna sangre desoxigenada.","Drenaje venoso de miembro correspondiente.","Sistema superficial/profundo de miembro.","Venas superficiales,Venas profundas,Arterias acompañantes"
"External pudendal veins.l","veins","Vena que retorna sangre desoxigenada al corazón.","Drenaje venoso de territorio específico.","Trayecto anatómico correspondiente.","Vena proximal,Territorio drenado,Venas tributarias"
"Superficial epigastric vein.l","veins","Vena del sistema porta hepático.","Transporta sangre nutritiva desde tracto GI a hígado.","Formación detrás de páncreas, entrada a hígado.","Venas mesentéricas,Hígado,Bazo,Páncreas"
"Lateral circumflex femoral veins.l","veins","Vena de miembro que retorna sangre desoxigenada.","Drenaje venoso de miembro correspondiente.","Sistema superficial/profundo de miembro.","Venas superficiales,Venas profundas,Arterias acompañantes"
"Medial circumflex femoral veins.l","veins","Vena de miembro que retorna sangre desoxigenada.","Drenaje venoso de miembro correspondiente.","Sistema superficial/profundo de miembro.","Venas superficiales,Venas profundas,Arterias acompañantes"
"Popliteal vein.l","veins","Vena de miembro que retorna sangre desoxigenada.","Drenaje venoso de miembro correspondiente.","Sistema superficial/profundo de miembro.","Venas superficiales,Venas profundas,Arterias acompañantes"
"Anterior tibial veins.l","veins","Vena de miembro que retorna sangre desoxigenada.","Drenaje venoso de miembro correspondiente.","Sistema superficial/profundo de miembro.","Venas superficiales,Venas profundas,Arterias acompañantes"
"Genicular veins.l","veins","Vena que retorna sangre desoxigenada al corazón.","Drenaje venoso de territorio específico.","Trayecto anatómico correspondiente.","Vena proximal,Territorio drenado,Venas tributarias"
"Posterior tibial veins.l","veins","Vena de miembro que retorna sangre desoxigenada.","Drenaje venoso de miembro correspondiente.","Sistema superficial/profundo de miembro.","Venas superficiales,Venas profundas,Arterias acompañantes"
"Fibular veins.l","veins","Vena de miembro que retorna sangre desoxigenada.","Drenaje venoso de miembro correspondiente.","Sistema superficial/profundo de miembro.","Venas superficiales,Venas profundas,Arterias acompañantes"
"Lateral plantar veins.l","veins","Vena de miembro que retorna sangre desoxigenada.","Drenaje venoso de miembro correspondiente.","Sistema superficial/profundo de miembro.","Venas superficiales,Venas profundas,Arterias acompañantes"
"Plantar venous arch.l","veins","Vena de miembro que retorna sangre desoxigenada.","Drenaje venoso de miembro correspondiente.","Sistema superficial/profundo de miembro.","Venas superficiales,Venas profundas,Arterias acompañantes"
"Plantar metatarsal veins.l","veins","Vena de miembro que retorna sangre desoxigenada.","Drenaje venoso de miembro correspondiente.","Sistema superficial/profundo de miembro.","Venas superficiales,Venas profundas,Arterias acompañantes"
"Plantar digital veins.l","veins","Vena de miembro que retorna sangre desoxigenada.","Drenaje venoso de miembro correspondiente.","Sistema superficial/profundo de miembro.","Venas superficiales,Venas profundas,Arterias acompañantes"
"Medial plantar veins.l","veins","Vena de miembro que retorna sangre desoxigenada.","Drenaje venoso de miembro correspondiente.","Sistema superficial/profundo de miembro.","Venas superficiales,Venas profundas,Arterias acompañantes"
"Small saphenous vein.l","veins","Vena de miembro que retorna sangre desoxigenada.","Drenaje venoso de miembro correspondiente.","Sistema superficial/profundo de miembro.","Venas superficiales,Venas profundas,Arterias acompañantes"
"Dorsal venous arch of foot.l","veins","Vena de miembro que retorna sangre desoxigenada.","Drenaje venoso de miembro correspondiente.","Sistema superficial/profundo de miembro.","Venas superficiales,Venas profundas,Arterias acompañantes"
"Dorsal metatarsal veins.l","veins","Vena de miembro que retorna sangre desoxigenada.","Drenaje venoso de miembro correspondiente.","Sistema superficial/profundo de miembro.","Venas superficiales,Venas profundas,Arterias acompañantes"
"Dorsal digital veins of foot.l","veins","Vena de miembro que retorna sangre desoxigenada.","Drenaje venoso de miembro correspondiente.","Sistema superficial/profundo de miembro.","Venas superficiales,Venas profundas,Arterias acompañantes"
"Intercapitular veins of foot.l","veins","Vena que retorna sangre desoxigenada al corazón.","Drenaje venoso de territorio específico.","Trayecto anatómico correspondiente.","Vena proximal,Territorio drenado,Venas tributarias"
"Femoral vein.r","veins","Vena de miembro que retorna sangre desoxigenada.","Drenaje venoso de miembro correspondiente.","Sistema superficial/profundo de miembro.","Venas superficiales,Venas profundas,Arterias acompañantes"
"Deep femoral vein.r","veins","Vena de miembro que retorna sangre desoxigenada.","Drenaje venoso de miembro correspondiente.","Sistema superficial/profundo de miembro.","Venas superficiales,Venas profundas,Arterias acompañantes"
"Perforating veins.r","veins","Vena que retorna sangre desoxigenada al corazón.","Drenaje venoso de territorio específico.","Trayecto anatómico correspondiente.","Vena proximal,Territorio drenado,Venas tributarias"
"Great saphenous vein.r","veins","Vena de miembro que retorna sangre desoxigenada.","Drenaje venoso de miembro correspondiente.","Sistema superficial/profundo de miembro.","Venas superficiales,Venas profundas,Arterias acompañantes"
"External pudendal veins.r","veins","Vena que retorna sangre desoxigenada al corazón.","Drenaje venoso de territorio específico.","Trayecto anatómico correspondiente.","Vena proximal,Territorio drenado,Venas tributarias"
"Superficial dorsal veins of penis","veins","Vena de miembro que retorna sangre desoxigenada.","Drenaje venoso de miembro correspondiente.","Sistema superficial/profundo de miembro.","Venas superficiales,Venas profundas,Arterias acompañantes"
"Superficial epigastric vein.r","veins","Vena del sistema porta hepático.","Transporta sangre nutritiva desde tracto GI a hígado.","Formación detrás de páncreas, entrada a hígado.","Venas mesentéricas,Hígado,Bazo,Páncreas"
"Lateral circumflex femoral veins.r","veins","Vena de miembro que retorna sangre desoxigenada.","Drenaje venoso de miembro correspondiente.","Sistema superficial/profundo de miembro.","Venas superficiales,Venas profundas,Arterias acompañantes"
"Medial circumflex femoral veins.r","veins","Vena de miembro que retorna sangre desoxigenada.","Drenaje venoso de miembro correspondiente.","Sistema superficial/profundo de miembro.","Venas superficiales,Venas profundas,Arterias acompañantes"
"Popliteal vein.r","veins","Vena de miembro que retorna sangre desoxigenada.","Drenaje venoso de miembro correspondiente.","Sistema superficial/profundo de miembro.","Venas superficiales,Venas profundas,Arterias acompañantes"
"Anterior tibial veins.r","veins","Vena de miembro que retorna sangre desoxigenada.","Drenaje venoso de miembro correspondiente.","Sistema superficial/profundo de miembro.","Venas superficiales,Venas profundas,Arterias acompañantes"
"Genicular veins.r","veins","Vena que retorna sangre desoxigenada al corazón.","Drenaje venoso de territorio específico.","Trayecto anatómico correspondiente.","Vena proximal,Territorio drenado,Venas tributarias"
"Posterior tibial veins.r","veins","Vena de miembro que retorna sangre desoxigenada.","Drenaje venoso de miembro correspondiente.","Sistema superficial/profundo de miembro.","Venas superficiales,Venas profundas,Arterias acompañantes"
"Fibular veins.r","veins","Vena de miembro que retorna sangre desoxigenada.","Drenaje venoso de miembro correspondiente.","Sistema superficial/profundo de miembro.","Venas superficiales,Venas profundas,Arterias acompañantes"
"Lateral plantar veins.r","veins","Vena de miembro que retorna sangre desoxigenada.","Drenaje venoso de miembro correspondiente.","Sistema superficial/profundo de miembro.","Venas superficiales,Venas profundas,Arterias acompañantes"
"Plantar venous arch.r","veins","Vena de miembro que retorna sangre desoxigenada.","Drenaje venoso de miembro correspondiente.","Sistema superficial/profundo de miembro.","Venas superficiales,Venas profundas,Arterias acompañantes"
"Plantar metatarsal veins.r","veins","Vena de miembro que retorna sangre desoxigenada.","Drenaje venoso de miembro correspondiente.","Sistema superficial/profundo de miembro.","Venas superficiales,Venas profundas,Arterias acompañantes"
"Plantar digital veins.r","veins","Vena de miembro que retorna sangre desoxigenada.","Drenaje venoso de miembro correspondiente.","Sistema superficial/profundo de miembro.","Venas superficiales,Venas profundas,Arterias acompañantes"
"Medial plantar veins.r","veins","Vena de miembro que retorna sangre desoxigenada.","Drenaje venoso de miembro correspondiente.","Sistema superficial/profundo de miembro.","Venas superficiales,Venas profundas,Arterias acompañantes"
"Small saphenous vein.r","veins","Vena de miembro que retorna sangre desoxigenada.","Drenaje venoso de miembro correspondiente.","Sistema superficial/profundo de miembro.","Venas superficiales,Venas profundas,Arterias acompañantes"
"Dorsal venous arch of foot.r","veins","Vena de miembro que retorna sangre desoxigenada.","Drenaje venoso de miembro correspondiente.","Sistema superficial/profundo de miembro.","Venas superficiales,Venas profundas,Arterias acompañantes"
"Dorsal metatarsal veins.r","veins","Vena de miembro que retorna sangre desoxigenada.","Drenaje venoso de miembro correspondiente.","Sistema superficial/profundo de miembro.","Venas superficiales,Venas profundas,Arterias acompañantes"
"Dorsal digital veins of foot.r","veins","Vena de miembro que retorna sangre desoxigenada.","Drenaje venoso de miembro correspondiente.","Sistema superficial/profundo de miembro.","Venas superficiales,Venas profundas,Arterias acompañantes"
"Intercapitular veins of foot.r","veins","Vena que retorna sangre desoxigenada al corazón.","Drenaje venoso de territorio específico.","Trayecto anatómico correspondiente.","Vena proximal,Territorio drenado,Venas tributarias"
"Hepatic portal vein","veins","Vena del sistema porta hepático.","Transporta sangre nutritiva desde tracto GI a hígado.","Formación detrás de páncreas, entrada a hígado.","Venas mesentéricas,Hígado,Bazo,Páncreas"
"Splenic vein","veins","Vena del sistema porta hepático.","Transporta sangre nutritiva desde tracto GI a hígado.","Formación detrás de páncreas, entrada a hígado.","Venas mesentéricas,Hígado,Bazo,Páncreas"
"Inferior mesenteric vein","veins","Vena del sistema porta hepático.","Transporta sangre nutritiva desde tracto GI a hígado.","Formación detrás de páncreas, entrada a hígado.","Venas mesentéricas,Hígado,Bazo,Páncreas"
"Sigmoid veins","veins","Vena del sistema porta hepático.","Transporta sangre nutritiva desde tracto GI a hígado.","Formación detrás de páncreas, entrada a hígado.","Venas mesentéricas,Hígado,Bazo,Páncreas"
"Left gastro-omental vein","veins","Vena que retorna sangre desoxigenada al corazón.","Drenaje venoso de territorio específico.","Trayecto anatómico correspondiente.","Vena proximal,Territorio drenado,Venas tributarias"
"Superior mesenteric vein","veins","Vena del sistema porta hepático.","Transporta sangre nutritiva desde tracto GI a hígado.","Formación detrás de páncreas, entrada a hígado.","Venas mesentéricas,Hígado,Bazo,Páncreas"
"Middle colic vein","veins","Vena del sistema porta hepático.","Transporta sangre nutritiva desde tracto GI a hígado.","Formación detrás de páncreas, entrada a hígado.","Venas mesentéricas,Hígado,Bazo,Páncreas"
"Right colic vein","veins","Vena del sistema porta hepático.","Transporta sangre nutritiva desde tracto GI a hígado.","Formación detrás de páncreas, entrada a hígado.","Venas mesentéricas,Hígado,Bazo,Páncreas"
"Right gastro-omental vein","veins","Vena que retorna sangre desoxigenada al corazón.","Drenaje venoso de territorio específico.","Trayecto anatómico correspondiente.","Vena proximal,Territorio drenado,Venas tributarias"
"Hepatic veins","veins","Vena que retorna sangre desoxigenada al corazón.","Drenaje venoso de territorio específico.","Trayecto anatómico correspondiente.","Vena proximal,Territorio drenado,Venas tributarias"
"Inferior vena cava (abdominal part)","veins","Gran vena cava que retorna sangre desoxigenada al corazón.","Retorno venoso sistémico a aurícula derecha.","Trayecto torácico/abdominal a aurícula derecha.","Aurícula derecha,Venas tributarias,Diafragma"
"Common iliac vein.l","veins","Vena que retorna sangre desoxigenada al corazón.","Drenaje venoso de territorio específico.","Trayecto anatómico correspondiente.","Vena proximal,Territorio drenado,Venas tributarias"
"External iliac vein.l","veins","Vena que retorna sangre desoxigenada al corazón.","Drenaje venoso de territorio específico.","Trayecto anatómico correspondiente.","Vena proximal,Territorio drenado,Venas tributarias"
"Inferior epigastric vein.l","veins","Vena del sistema porta hepático.","Transporta sangre nutritiva desde tracto GI a hígado.","Formación detrás de páncreas, entrada a hígado.","Venas mesentéricas,Hígado,Bazo,Páncreas"
"Iliolumbar vein.l","veins","Vena que retorna sangre desoxigenada al corazón.","Drenaje venoso de territorio específico.","Trayecto anatómico correspondiente.","Vena proximal,Territorio drenado,Venas tributarias"
"Internal iliac vein.l","veins","Vena que retorna sangre desoxigenada al corazón.","Drenaje venoso de territorio específico.","Trayecto anatómico correspondiente.","Vena proximal,Territorio drenado,Venas tributarias"
"Inferior gluteal veins.l","veins","Vena que retorna sangre desoxigenada al corazón.","Drenaje venoso de territorio específico.","Trayecto anatómico correspondiente.","Vena proximal,Territorio drenado,Venas tributarias"
"Internal pudendal vein.l","veins","Vena que retorna sangre desoxigenada al corazón.","Drenaje venoso de territorio específico.","Trayecto anatómico correspondiente.","Vena proximal,Territorio drenado,Venas tributarias"
"Lateral sacral veins.l","veins","Vena que retorna sangre desoxigenada al corazón.","Drenaje venoso de territorio específico.","Trayecto anatómico correspondiente.","Vena proximal,Territorio drenado,Venas tributarias"
"Superior gluteal veins.l","veins","Vena que retorna sangre desoxigenada al corazón.","Drenaje venoso de territorio específico.","Trayecto anatómico correspondiente.","Vena proximal,Territorio drenado,Venas tributarias"
"Common iliac vein.r","veins","Vena que retorna sangre desoxigenada al corazón.","Drenaje venoso de territorio específico.","Trayecto anatómico correspondiente.","Vena proximal,Territorio drenado,Venas tributarias"
"External iliac vein.r","veins","Vena que retorna sangre desoxigenada al corazón.","Drenaje venoso de territorio específico.","Trayecto anatómico correspondiente.","Vena proximal,Territorio drenado,Venas tributarias"
"Inferior epigastric vein.r","veins","Vena del sistema porta hepático.","Transporta sangre nutritiva desde tracto GI a hígado.","Formación detrás de páncreas, entrada a hígado.","Venas mesentéricas,Hígado,Bazo,Páncreas"
"Iliolumbar vein.r","veins","Vena que retorna sangre desoxigenada al corazón.","Drenaje venoso de territorio específico.","Trayecto anatómico correspondiente.","Vena proximal,Territorio drenado,Venas tributarias"
"Internal iliac vein.r","veins","Vena que retorna sangre desoxigenada al corazón.","Drenaje venoso de territorio específico.","Trayecto anatómico correspondiente.","Vena proximal,Territorio drenado,Venas tributarias"
"Deep dorsal vein of penis","veins","Vena de miembro que retorna sangre desoxigenada.","Drenaje venoso de miembro correspondiente.","Sistema superficial/profundo de miembro.","Venas superficiales,Venas profundas,Arterias acompañantes"
"Inferior gluteal veins.r","veins","Vena que retorna sangre desoxigenada al corazón.","Drenaje venoso de territorio específico.","Trayecto anatómico correspondiente.","Vena proximal,Territorio drenado,Venas tributarias"
"Internal pudendal vein.r","veins","Vena que retorna sangre desoxigenada al corazón.","Drenaje venoso de territorio específico.","Trayecto anatómico correspondiente.","Vena proximal,Territorio drenado,Venas tributarias"
"Lateral sacral veins.r","veins","Vena que retorna sangre desoxigenada al corazón.","Drenaje venoso de territorio específico.","Trayecto anatómico correspondiente.","Vena proximal,Territorio drenado,Venas tributarias"
"Superior gluteal veins.r","veins","Vena que retorna sangre desoxigenada al corazón.","Drenaje venoso de territorio específico.","Trayecto anatómico correspondiente.","Vena proximal,Territorio drenado,Venas tributarias"
"Left renal vein","veins","Vena que retorna sangre desoxigenada al corazón.","Drenaje venoso de territorio específico.","Trayecto anatómico correspondiente.","Vena proximal,Territorio drenado,Venas tributarias"
"Intrarenal veins of left kidney","veins","Vena que retorna sangre desoxigenada al corazón.","Drenaje venoso de territorio específico.","Trayecto anatómico correspondiente.","Vena proximal,Territorio drenado,Venas tributarias"
"Left testicular vein","veins","Vena que retorna sangre desoxigenada al corazón.","Drenaje venoso de territorio específico.","Trayecto anatómico correspondiente.","Vena proximal,Territorio drenado,Venas tributarias"
"Lumbar veins.l","veins","Vena que retorna sangre desoxigenada al corazón.","Drenaje venoso de territorio específico.","Trayecto anatómico correspondiente.","Vena proximal,Territorio drenado,Venas tributarias"
"Lumbar veins.r","veins","Vena que retorna sangre desoxigenada al corazón.","Drenaje venoso de territorio específico.","Trayecto anatómico correspondiente.","Vena proximal,Territorio drenado,Venas tributarias"
"Right renal vein","veins","Vena que retorna sangre desoxigenada al corazón.","Drenaje venoso de territorio específico.","Trayecto anatómico correspondiente.","Vena proximal,Territorio drenado,Venas tributarias"
"Intrarenal veins of right kidney","veins","Vena que retorna sangre desoxigenada al corazón.","Drenaje venoso de territorio específico.","Trayecto anatómico correspondiente.","Vena proximal,Territorio drenado,Venas tributarias"
"Right testicular vein","veins","Vena que retorna sangre desoxigenada al corazón.","Drenaje venoso de territorio específico.","Trayecto anatómico correspondiente.","Vena proximal,Territorio drenado,Venas tributarias"
"Internal jugular vein.l","veins","Vena o seno venoso que drena encéfalo.","Drenaje venoso cerebral hacia senos durales/yugulares.","Cavidad craneal, senos durales.","Senos durales,Venas yugulares,Encéfalo"
"Common facial vein.l","veins","Vena o seno venoso que drena encéfalo.","Drenaje venoso cerebral hacia senos durales/yugulares.","Cavidad craneal, senos durales.","Senos durales,Venas yugulares,Encéfalo"
"Anterior division of retromandibular vein.l","veins","Vena que retorna sangre desoxigenada al corazón.","Drenaje venoso de territorio específico.","Trayecto anatómico correspondiente.","Vena proximal,Territorio drenado,Venas tributarias"
"Retromandibular vein.l","veins","Vena que retorna sangre desoxigenada al corazón.","Drenaje venoso de territorio específico.","Trayecto anatómico correspondiente.","Vena proximal,Territorio drenado,Venas tributarias"
"Maxillary veins.l","veins","Vena que retorna sangre desoxigenada al corazón.","Drenaje venoso de territorio específico.","Trayecto anatómico correspondiente.","Vena proximal,Territorio drenado,Venas tributarias"
"Superficial temporal veins.l","veins","Vena que retorna sangre desoxigenada al corazón.","Drenaje venoso de territorio específico.","Trayecto anatómico correspondiente.","Vena proximal,Territorio drenado,Venas tributarias"
"Facial vein.l","veins","Vena o seno venoso que drena encéfalo.","Drenaje venoso cerebral hacia senos durales/yugulares.","Cavidad craneal, senos durales.","Senos durales,Venas yugulares,Encéfalo"
"Angular vein.l","veins","Vena que retorna sangre desoxigenada al corazón.","Drenaje venoso de territorio específico.","Trayecto anatómico correspondiente.","Vena proximal,Territorio drenado,Venas tributarias"
"Inferior labial veins.l","veins","Vena que retorna sangre desoxigenada al corazón.","Drenaje venoso de territorio específico.","Trayecto anatómico correspondiente.","Vena proximal,Territorio drenado,Venas tributarias"
"Submental vein.l","veins","Vena que retorna sangre desoxigenada al corazón.","Drenaje venoso de territorio específico.","Trayecto anatómico correspondiente.","Vena proximal,Territorio drenado,Venas tributarias"
"Superior labial vein.l","veins","Vena que retorna sangre desoxigenada al corazón.","Drenaje venoso de territorio específico.","Trayecto anatómico correspondiente.","Vena proximal,Territorio drenado,Venas tributarias"
"Lingual vein.l","veins","Vena o seno venoso que drena encéfalo.","Drenaje venoso cerebral hacia senos durales/yugulares.","Cavidad craneal, senos durales.","Senos durales,Venas yugulares,Encéfalo"
"Superior thyroid vein.l","veins","Vena o seno venoso que drena encéfalo.","Drenaje venoso cerebral hacia senos durales/yugulares.","Cavidad craneal, senos durales.","Senos durales,Venas yugulares,Encéfalo"
"Internal jugular vein.r","veins","Vena o seno venoso que drena encéfalo.","Drenaje venoso cerebral hacia senos durales/yugulares.","Cavidad craneal, senos durales.","Senos durales,Venas yugulares,Encéfalo"
"Common facial vein.r","veins","Vena o seno venoso que drena encéfalo.","Drenaje venoso cerebral hacia senos durales/yugulares.","Cavidad craneal, senos durales.","Senos durales,Venas yugulares,Encéfalo"
"Anterior division of retromandibular vein.r","veins","Vena que retorna sangre desoxigenada al corazón.","Drenaje venoso de territorio específico.","Trayecto anatómico correspondiente.","Vena proximal,Territorio drenado,Venas tributarias"
"Retromandibular vein.r","veins","Vena que retorna sangre desoxigenada al corazón.","Drenaje venoso de territorio específico.","Trayecto anatómico correspondiente.","Vena proximal,Territorio drenado,Venas tributarias"
"Maxillary veins.r","veins","Vena que retorna sangre desoxigenada al corazón.","Drenaje venoso de territorio específico.","Trayecto anatómico correspondiente.","Vena proximal,Territorio drenado,Venas tributarias"
"Superficial temporal veins.r","veins","Vena que retorna sangre desoxigenada al corazón.","Drenaje venoso de territorio específico.","Trayecto anatómico correspondiente.","Vena proximal,Territorio drenado,Venas tributarias"
"Facial vein.r","veins","Vena o seno venoso que drena encéfalo.","Drenaje venoso cerebral hacia senos durales/yugulares.","Cavidad craneal, senos durales.","Senos durales,Venas yugulares,Encéfalo"
"Angular vein.r","veins","Vena que retorna sangre desoxigenada al corazón.","Drenaje venoso de territorio específico.","Trayecto anatómico correspondiente.","Vena proximal,Territorio drenado,Venas tributarias"
"Inferior labial veins.r","veins","Vena que retorna sangre desoxigenada al corazón.","Drenaje venoso de territorio específico.","Trayecto anatómico correspondiente.","Vena proximal,Territorio drenado,Venas tributarias"
"Submental vein.r","veins","Vena que retorna sangre desoxigenada al corazón.","Drenaje venoso de territorio específico.","Trayecto anatómico correspondiente.","Vena proximal,Territorio drenado,Venas tributarias"
"Superior labial vein.r","veins","Vena que retorna sangre desoxigenada al corazón.","Drenaje venoso de territorio específico.","Trayecto anatómico correspondiente.","Vena proximal,Territorio drenado,Venas tributarias"
"Lingual vein.r","veins","Vena o seno venoso que drena encéfalo.","Drenaje venoso cerebral hacia senos durales/yugulares.","Cavidad craneal, senos durales.","Senos durales,Venas yugulares,Encéfalo"
"Superior thyroid vein.r","veins","Vena o seno venoso que drena encéfalo.","Drenaje venoso cerebral hacia senos durales/yugulares.","Cavidad craneal, senos durales.","Senos durales,Venas yugulares,Encéfalo"
"Left subclavian vein","veins","Vena o seno venoso que drena encéfalo.","Drenaje venoso cerebral hacia senos durales/yugulares.","Cavidad craneal, senos durales.","Senos durales,Venas yugulares,Encéfalo"
"Axillary vein.l","veins","Vena que retorna sangre desoxigenada al corazón.","Drenaje venoso de territorio específico.","Trayecto anatómico correspondiente.","Vena proximal,Territorio drenado,Venas tributarias"
"Anterior circumflex humeral vein.l","veins","Vena que retorna sangre desoxigenada al corazón.","Drenaje venoso de territorio específico.","Trayecto anatómico correspondiente.","Vena proximal,Territorio drenado,Venas tributarias"
"Basilic vein.l","veins","Vena de miembro que retorna sangre desoxigenada.","Drenaje venoso de miembro correspondiente.","Sistema superficial/profundo de miembro.","Venas superficiales,Venas profundas,Arterias acompañantes"
"Median cubital vein.l","veins","Vena de miembro que retorna sangre desoxigenada.","Drenaje venoso de miembro correspondiente.","Sistema superficial/profundo de miembro.","Venas superficiales,Venas profundas,Arterias acompañantes"
"Median antebrachial vein.l","veins","Vena de miembro que retorna sangre desoxigenada.","Drenaje venoso de miembro correspondiente.","Sistema superficial/profundo de miembro.","Venas superficiales,Venas profundas,Arterias acompañantes"
"Brachial veins.l","veins","Vena de miembro que retorna sangre desoxigenada.","Drenaje venoso de miembro correspondiente.","Sistema superficial/profundo de miembro.","Venas superficiales,Venas profundas,Arterias acompañantes"
"Radial veins.l","veins","Vena de miembro que retorna sangre desoxigenada.","Drenaje venoso de miembro correspondiente.","Sistema superficial/profundo de miembro.","Venas superficiales,Venas profundas,Arterias acompañantes"
"Deep venous palmar arch.l","veins","Vena de miembro que retorna sangre desoxigenada.","Drenaje venoso de miembro correspondiente.","Sistema superficial/profundo de miembro.","Venas superficiales,Venas profundas,Arterias acompañantes"
"Ulnar veins.l","veins","Vena de miembro que retorna sangre desoxigenada.","Drenaje venoso de miembro correspondiente.","Sistema superficial/profundo de miembro.","Venas superficiales,Venas profundas,Arterias acompañantes"
"Superficial venous palmar arch.l","veins","Vena de miembro que retorna sangre desoxigenada.","Drenaje venoso de miembro correspondiente.","Sistema superficial/profundo de miembro.","Venas superficiales,Venas profundas,Arterias acompañantes"
"Palmar digital veins.l","veins","Vena de miembro que retorna sangre desoxigenada.","Drenaje venoso de miembro correspondiente.","Sistema superficial/profundo de miembro.","Venas superficiales,Venas profundas,Arterias acompañantes"
"Cephalic vein.l","veins","Vena de miembro que retorna sangre desoxigenada.","Drenaje venoso de miembro correspondiente.","Sistema superficial/profundo de miembro.","Venas superficiales,Venas profundas,Arterias acompañantes"
"Dorsal venous network of hand.l","veins","Vena de miembro que retorna sangre desoxigenada.","Drenaje venoso de miembro correspondiente.","Sistema superficial/profundo de miembro.","Venas superficiales,Venas profundas,Arterias acompañantes"
"Dorsal digital veins of hand.l","veins","Vena de miembro que retorna sangre desoxigenada.","Drenaje venoso de miembro correspondiente.","Sistema superficial/profundo de miembro.","Venas superficiales,Venas profundas,Arterias acompañantes"
"Lateral thoracic vein.l","veins","Vena que retorna sangre desoxigenada al corazón.","Drenaje venoso de territorio específico.","Trayecto anatómico correspondiente.","Vena proximal,Territorio drenado,Venas tributarias"
"Posterior circumflex humeral vein.l","veins","Vena que retorna sangre desoxigenada al corazón.","Drenaje venoso de territorio específico.","Trayecto anatómico correspondiente.","Vena proximal,Territorio drenado,Venas tributarias"
"Subscapular vein.l","veins","Vena que retorna sangre desoxigenada al corazón.","Drenaje venoso de territorio específico.","Trayecto anatómico correspondiente.","Vena proximal,Territorio drenado,Venas tributarias"
"Circumflex scapular vein.l","veins","Vena que retorna sangre desoxigenada al corazón.","Drenaje venoso de territorio específico.","Trayecto anatómico correspondiente.","Vena proximal,Territorio drenado,Venas tributarias"
"Thoracodorsal vein.l","veins","Vena de miembro que retorna sangre desoxigenada.","Drenaje venoso de miembro correspondiente.","Sistema superficial/profundo de miembro.","Venas superficiales,Venas profundas,Arterias acompañantes"
"External jugular vein.l","veins","Vena o seno venoso que drena encéfalo.","Drenaje venoso cerebral hacia senos durales/yugulares.","Cavidad craneal, senos durales.","Senos durales,Venas yugulares,Encéfalo"
"Anterior jugular vein.l","veins","Vena o seno venoso que drena encéfalo.","Drenaje venoso cerebral hacia senos durales/yugulares.","Cavidad craneal, senos durales.","Senos durales,Venas yugulares,Encéfalo"
"Posterior auricular vein.l","veins","Vena que retorna sangre desoxigenada al corazón.","Drenaje venoso de territorio específico.","Trayecto anatómico correspondiente.","Vena proximal,Territorio drenado,Venas tributarias"
"Posterior division of retromandibular vein.l","veins","Vena que retorna sangre desoxigenada al corazón.","Drenaje venoso de territorio específico.","Trayecto anatómico correspondiente.","Vena proximal,Territorio drenado,Venas tributarias"
"Suprascapular vein.l","veins","Vena que retorna sangre desoxigenada al corazón.","Drenaje venoso de territorio específico.","Trayecto anatómico correspondiente.","Vena proximal,Territorio drenado,Venas tributarias"
"Right subclavian vein","veins","Vena o seno venoso que drena encéfalo.","Drenaje venoso cerebral hacia senos durales/yugulares.","Cavidad craneal, senos durales.","Senos durales,Venas yugulares,Encéfalo"
"Axillary vein.r","veins","Vena que retorna sangre desoxigenada al corazón.","Drenaje venoso de territorio específico.","Trayecto anatómico correspondiente.","Vena proximal,Territorio drenado,Venas tributarias"
"Anterior circumflex humeral vein.r","veins","Vena que retorna sangre desoxigenada al corazón.","Drenaje venoso de territorio específico.","Trayecto anatómico correspondiente.","Vena proximal,Territorio drenado,Venas tributarias"
"Basilic vein.r","veins","Vena de miembro que retorna sangre desoxigenada.","Drenaje venoso de miembro correspondiente.","Sistema superficial/profundo de miembro.","Venas superficiales,Venas profundas,Arterias acompañantes"
"Median cubital vein.r","veins","Vena de miembro que retorna sangre desoxigenada.","Drenaje venoso de miembro correspondiente.","Sistema superficial/profundo de miembro.","Venas superficiales,Venas profundas,Arterias acompañantes"
"Median antebrachial vein.r","veins","Vena de miembro que retorna sangre desoxigenada.","Drenaje venoso de miembro correspondiente.","Sistema superficial/profundo de miembro.","Venas superficiales,Venas profundas,Arterias acompañantes"
"Brachial veins.r","veins","Vena de miembro que retorna sangre desoxigenada.","Drenaje venoso de miembro correspondiente.","Sistema superficial/profundo de miembro.","Venas superficiales,Venas profundas,Arterias acompañantes"
"Radial veins.r","veins","Vena de miembro que retorna sangre desoxigenada.","Drenaje venoso de miembro correspondiente.","Sistema superficial/profundo de miembro.","Venas superficiales,Venas profundas,Arterias acompañantes"
"Deep venous palmar arch.r","veins","Vena de miembro que retorna sangre desoxigenada.","Drenaje venoso de miembro correspondiente.","Sistema superficial/profundo de miembro.","Venas superficiales,Venas profundas,Arterias acompañantes"
"Ulnar veins.r","veins","Vena de miembro que retorna sangre desoxigenada.","Drenaje venoso de miembro correspondiente.","Sistema superficial/profundo de miembro.","Venas superficiales,Venas profundas,Arterias acompañantes"
"Superficial venous palmar arch.r","veins","Vena de miembro que retorna sangre desoxigenada.","Drenaje venoso de miembro correspondiente.","Sistema superficial/profundo de miembro.","Venas superficiales,Venas profundas,Arterias acompañantes"
"Palmar digital veins.r","veins","Vena de miembro que retorna sangre desoxigenada.","Drenaje venoso de miembro correspondiente.","Sistema superficial/profundo de miembro.","Venas superficiales,Venas profundas,Arterias acompañantes"
"Cephalic vein.r","veins","Vena de miembro que retorna sangre desoxigenada.","Drenaje venoso de miembro correspondiente.","Sistema superficial/profundo de miembro.","Venas superficiales,Venas profundas,Arterias acompañantes"
"Dorsal venous network of hand.r","veins","Vena de miembro que retorna sangre desoxigenada.","Drenaje venoso de miembro correspondiente.","Sistema superficial/profundo de miembro.","Venas superficiales,Venas profundas,Arterias acompañantes"
"Dorsal digital veins of hand.r","veins","Vena de miembro que retorna sangre desoxigenada.","Drenaje venoso de miembro correspondiente.","Sistema superficial/profundo de miembro.","Venas superficiales,Venas profundas,Arterias acompañantes"
"Lateral thoracic vein.r","veins","Vena que retorna sangre desoxigenada al corazón.","Drenaje venoso de territorio específico.","Trayecto anatómico correspondiente.","Vena proximal,Territorio drenado,Venas tributarias"
"Posterior circumflex humeral vein.r","veins","Vena que retorna sangre desoxigenada al corazón.","Drenaje venoso de territorio específico.","Trayecto anatómico correspondiente.","Vena proximal,Territorio drenado,Venas tributarias"
"Subscapular vein.r","veins","Vena que retorna sangre desoxigenada al corazón.","Drenaje venoso de territorio específico.","Trayecto anatómico correspondiente.","Vena proximal,Territorio drenado,Venas tributarias"
"Circumflex scapular vein.r","veins","Vena que retorna sangre desoxigenada al corazón.","Drenaje venoso de territorio específico.","Trayecto anatómico correspondiente.","Vena proximal,Territorio drenado,Venas tributarias"
"Thoracodorsal vein.r","veins","Vena de miembro que retorna sangre desoxigenada.","Drenaje venoso de miembro correspondiente.","Sistema superficial/profundo de miembro.","Venas superficiales,Venas profundas,Arterias acompañantes"
"External jugular vein.r","veins","Vena o seno venoso que drena encéfalo.","Drenaje venoso cerebral hacia senos durales/yugulares.","Cavidad craneal, senos durales.","Senos durales,Venas yugulares,Encéfalo"
"Anterior jugular vein.r","veins","Vena o seno venoso que drena encéfalo.","Drenaje venoso cerebral hacia senos durales/yugulares.","Cavidad craneal, senos durales.","Senos durales,Venas yugulares,Encéfalo"
"Posterior auricular vein.r","veins","Vena que retorna sangre desoxigenada al corazón.","Drenaje venoso de territorio específico.","Trayecto anatómico correspondiente.","Vena proximal,Territorio drenado,Venas tributarias"
"Posterior division of retromandibular vein.r","veins","Vena que retorna sangre desoxigenada al corazón.","Drenaje venoso de territorio específico.","Trayecto anatómico correspondiente.","Vena proximal,Territorio drenado,Venas tributarias"
"Suprascapular vein.r","veins","Vena que retorna sangre desoxigenada al corazón.","Drenaje venoso de territorio específico.","Trayecto anatómico correspondiente.","Vena proximal,Territorio drenado,Venas tributarias"
"Azygos vein","veins","Gran vena cava que retorna sangre desoxigenada al corazón.","Retorno venoso sistémico a aurícula derecha.","Trayecto torácico/abdominal a aurícula derecha.","Aurícula derecha,Venas tributarias,Diafragma"
"Accessory hemi-azygos vein","veins","Gran vena cava que retorna sangre desoxigenada al corazón.","Retorno venoso sistémico a aurícula derecha.","Trayecto torácico/abdominal a aurícula derecha.","Aurícula derecha,Venas tributarias,Diafragma"
"Hemi-azygos vein","veins","Gran vena cava que retorna sangre desoxigenada al corazón.","Retorno venoso sistémico a aurícula derecha.","Trayecto torácico/abdominal a aurícula derecha.","Aurícula derecha,Venas tributarias,Diafragma"
"Left ascending lumbar vein","veins","Vena que retorna sangre desoxigenada al corazón.","Drenaje venoso de territorio específico.","Trayecto anatómico correspondiente.","Vena proximal,Territorio drenado,Venas tributarias"
"Left subcostal vein","veins","Vena que retorna sangre desoxigenada al corazón.","Drenaje venoso de territorio específico.","Trayecto anatómico correspondiente.","Vena proximal,Territorio drenado,Venas tributarias"
"Right ascending lumbar vein","veins","Vena que retorna sangre desoxigenada al corazón.","Drenaje venoso de territorio específico.","Trayecto anatómico correspondiente.","Vena proximal,Territorio drenado,Venas tributarias"
"Right subcostal vein","veins","Vena que retorna sangre desoxigenada al corazón.","Drenaje venoso de territorio específico.","Trayecto anatómico correspondiente.","Vena proximal,Territorio drenado,Venas tributarias"
"Right superior intercostal vein","veins","Gran vena cava que retorna sangre desoxigenada al corazón.","Retorno venoso sistémico a aurícula derecha.","Trayecto torácico/abdominal a aurícula derecha.","Aurícula derecha,Venas tributarias,Diafragma"
"Right superior phrenic vein","veins","Gran vena cava que retorna sangre desoxigenada al corazón.","Retorno venoso sistémico a aurícula derecha.","Trayecto torácico/abdominal a aurícula derecha.","Aurícula derecha,Venas tributarias,Diafragma"
"Left brachiocephalic vein","veins","Vena o seno venoso que drena encéfalo.","Drenaje venoso cerebral hacia senos durales/yugulares.","Cavidad craneal, senos durales.","Senos durales,Venas yugulares,Encéfalo"
"Internal thoracic veins.l","veins","Vena que retorna sangre desoxigenada al corazón.","Drenaje venoso de territorio específico.","Trayecto anatómico correspondiente.","Vena proximal,Territorio drenado,Venas tributarias"
"Musculophrenic veins.l","veins","Gran vena cava que retorna sangre desoxigenada al corazón.","Retorno venoso sistémico a aurícula derecha.","Trayecto torácico/abdominal a aurícula derecha.","Aurícula derecha,Venas tributarias,Diafragma"
"Superior epigastric veins.l","veins","Vena del sistema porta hepático.","Transporta sangre nutritiva desde tracto GI a hígado.","Formación detrás de páncreas, entrada a hígado.","Venas mesentéricas,Hígado,Bazo,Páncreas"
"Left superior intercostal vein","veins","Gran vena cava que retorna sangre desoxigenada al corazón.","Retorno venoso sistémico a aurícula derecha.","Trayecto torácico/abdominal a aurícula derecha.","Aurícula derecha,Venas tributarias,Diafragma"
"Vertebral vein.l","veins","Vena o seno venoso que drena encéfalo.","Drenaje venoso cerebral hacia senos durales/yugulares.","Cavidad craneal, senos durales.","Senos durales,Venas yugulares,Encéfalo"
"Occipital vein.l","veins","Vena o seno venoso que drena encéfalo.","Drenaje venoso cerebral hacia senos durales/yugulares.","Cavidad craneal, senos durales.","Senos durales,Venas yugulares,Encéfalo"
"Right brachiocephalic vein","veins","Vena o seno venoso que drena encéfalo.","Drenaje venoso cerebral hacia senos durales/yugulares.","Cavidad craneal, senos durales.","Senos durales,Venas yugulares,Encéfalo"
"Internal thoracic veins.r","veins","Vena que retorna sangre desoxigenada al corazón.","Drenaje venoso de territorio específico.","Trayecto anatómico correspondiente.","Vena proximal,Territorio drenado,Venas tributarias"
"Musculophrenic veins.r","veins","Gran vena cava que retorna sangre desoxigenada al corazón.","Retorno venoso sistémico a aurícula derecha.","Trayecto torácico/abdominal a aurícula derecha.","Aurícula derecha,Venas tributarias,Diafragma"
"Superior epigastric veins.r","veins","Vena del sistema porta hepático.","Transporta sangre nutritiva desde tracto GI a hígado.","Formación detrás de páncreas, entrada a hígado.","Venas mesentéricas,Hígado,Bazo,Páncreas"
"Vertebral vein.r","veins","Vena o seno venoso que drena encéfalo.","Drenaje venoso cerebral hacia senos durales/yugulares.","Cavidad craneal, senos durales.","Senos durales,Venas yugulares,Encéfalo"
"Occipital vein.r","veins","Vena o seno venoso que drena encéfalo.","Drenaje venoso cerebral hacia senos durales/yugulares.","Cavidad craneal, senos durales.","Senos durales,Venas yugulares,Encéfalo"
"Inferior papillary muscle of left ventricle","heart","Músculo papilar que ancla los cordones tendinosos de la válvula.","Evita la prolapso valvular durante la sístole ventricular.","Pared interna del ventrículo correspondiente.","Válvula asociada,Cordones tendinosos,Pared ventricular"
"Anterior papillary muscle of right ventricle","heart","Músculo papilar que ancla los cordones tendinosos de la válvula.","Evita la prolapso valvular durante la sístole ventricular.","Pared interna del ventrículo correspondiente.","Válvula asociada,Cordones tendinosos,Pared ventricular"
"Inferior papillary muscle of right ventricle","heart","Músculo papilar que ancla los cordones tendinosos de la válvula.","Evita la prolapso valvular durante la sístole ventricular.","Pared interna del ventrículo correspondiente.","Válvula asociada,Cordones tendinosos,Pared ventricular"
"Septal papillary muscle of right ventricle","heart","Músculo papilar que ancla los cordones tendinosos de la válvula.","Evita la prolapso valvular durante la sístole ventricular.","Pared interna del ventrículo correspondiente.","Válvula asociada,Cordones tendinosos,Pared ventricular"
"Inferior leaflet of right atrioventricular valve","heart","Valva o cuspide de válvula cardíaca.","Forma parte del mecanismo de cierre valvular.","En el anillo valvular correspondiente.","Anillo fibroso,Cordones tendinosos,Músculos papilares"
"Posterior leaflet of left atrioventricular valve","heart","Valva o cuspide de válvula cardíaca.","Forma parte del mecanismo de cierre valvular.","En el anillo valvular correspondiente.","Anillo fibroso,Cordones tendinosos,Músculos papilares"
"Septal leaflet of right atrioventricular valve","heart","Valva o cuspide de válvula cardíaca.","Forma parte del mecanismo de cierre valvular.","En el anillo valvular correspondiente.","Anillo fibroso,Cordones tendinosos,Músculos papilares"
"Left coronary leaflet","heart","Valva o cuspide de válvula cardíaca.","Forma parte del mecanismo de cierre valvular.","En el anillo valvular correspondiente.","Anillo fibroso,Cordones tendinosos,Músculos papilares"
"Non-coronary leaflet","heart","Valva o cuspide de válvula cardíaca.","Forma parte del mecanismo de cierre valvular.","En el anillo valvular correspondiente.","Anillo fibroso,Cordones tendinosos,Músculos papilares"
"Right coronary leaflet","heart","Valva o cuspide de válvula cardíaca.","Forma parte del mecanismo de cierre valvular.","En el anillo valvular correspondiente.","Anillo fibroso,Cordones tendinosos,Músculos papilares"
"Anterior semilunar leaflet of pulmonary valve","heart","Valva o cuspide de válvula cardíaca.","Forma parte del mecanismo de cierre valvular.","En el anillo valvular correspondiente.","Anillo fibroso,Cordones tendinosos,Músculos papilares"
"Left semilunar leaflet of pulmonary valve","heart","Valva o cuspide de válvula cardíaca.","Forma parte del mecanismo de cierre valvular.","En el anillo valvular correspondiente.","Anillo fibroso,Cordones tendinosos,Músculos papilares"
"Right semilunar leaflet of pulmonary valve","heart","Valva o cuspide de válvula cardíaca.","Forma parte del mecanismo de cierre valvular.","En el anillo valvular correspondiente.","Anillo fibroso,Cordones tendinosos,Músculos papilares"
